-- phpMyAdmin SQL Dump
-- version 5.1.1
-- https://www.phpmyadmin.net/
--
-- Host: 127.0.0.1
-- Generation Time: Aug 05, 2022 at 07:11 AM
-- Server version: 10.4.22-MariaDB
-- PHP Version: 7.4.26

SET SQL_MODE = "NO_AUTO_VALUE_ON_ZERO";
START TRANSACTION;
SET time_zone = "+00:00";


/*!40101 SET @OLD_CHARACTER_SET_CLIENT=@@CHARACTER_SET_CLIENT */;
/*!40101 SET @OLD_CHARACTER_SET_RESULTS=@@CHARACTER_SET_RESULTS */;
/*!40101 SET @OLD_COLLATION_CONNECTION=@@COLLATION_CONNECTION */;
/*!40101 SET NAMES utf8mb4 */;

--
-- Database: `light`
--

-- --------------------------------------------------------

--
-- Table structure for table `billing_details`
--

CREATE TABLE `billing_details` (
  `id` bigint(20) UNSIGNED NOT NULL,
  `order_id` int(11) NOT NULL,
  `customer_id` int(11) NOT NULL,
  `name` varchar(255) COLLATE utf8mb4_unicode_ci NOT NULL,
  `email` varchar(255) COLLATE utf8mb4_unicode_ci NOT NULL,
  `address` varchar(255) COLLATE utf8mb4_unicode_ci NOT NULL,
  `number` varchar(255) COLLATE utf8mb4_unicode_ci NOT NULL,
  `note` varchar(255) COLLATE utf8mb4_unicode_ci DEFAULT NULL,
  `district` int(11) NOT NULL,
  `upazila` int(11) DEFAULT NULL,
  `company` varchar(255) COLLATE utf8mb4_unicode_ci DEFAULT NULL,
  `created_at` timestamp NULL DEFAULT NULL,
  `updated_at` timestamp NULL DEFAULT NULL
) ENGINE=InnoDB DEFAULT CHARSET=utf8mb4 COLLATE=utf8mb4_unicode_ci;

-- --------------------------------------------------------

--
-- Table structure for table `carts`
--

CREATE TABLE `carts` (
  `id` bigint(20) UNSIGNED NOT NULL,
  `customer_id` int(11) NOT NULL,
  `product_id` int(11) NOT NULL,
  `color_id` int(11) DEFAULT NULL,
  `size_id` int(11) DEFAULT NULL,
  `quantity` int(11) NOT NULL,
  `created_at` timestamp NULL DEFAULT NULL,
  `updated_at` timestamp NULL DEFAULT NULL
) ENGINE=InnoDB DEFAULT CHARSET=utf8mb4 COLLATE=utf8mb4_unicode_ci;

--
-- Dumping data for table `carts`
--

INSERT INTO `carts` (`id`, `customer_id`, `product_id`, `color_id`, `size_id`, `quantity`, `created_at`, `updated_at`) VALUES
(27, 29, 1, 2, 1, 2, '2022-07-25 02:40:58', NULL);

-- --------------------------------------------------------

--
-- Table structure for table `categories`
--

CREATE TABLE `categories` (
  `id` bigint(20) UNSIGNED NOT NULL,
  `category_name` varchar(255) COLLATE utf8mb4_unicode_ci NOT NULL,
  `category_img` varchar(100) COLLATE utf8mb4_unicode_ci NOT NULL DEFAULT 'default.png',
  `category_icon` varchar(100) COLLATE utf8mb4_unicode_ci NOT NULL,
  `added_updated_by` int(11) NOT NULL,
  `deleted_at` timestamp NULL DEFAULT NULL,
  `created_at` timestamp NULL DEFAULT NULL,
  `updated_at` timestamp NULL DEFAULT NULL
) ENGINE=InnoDB DEFAULT CHARSET=utf8mb4 COLLATE=utf8mb4_unicode_ci;

--
-- Dumping data for table `categories`
--

INSERT INTO `categories` (`id`, `category_name`, `category_img`, `category_icon`, `added_updated_by`, `deleted_at`, `created_at`, `updated_at`) VALUES
(8, 'Electrical', '8.jpg', 'icon icon-Bulb', 50, NULL, '2022-07-31 04:43:26', '2022-07-31 04:43:26'),
(9, 'Electronics', '9.jpg', 'icon icon-Phone', 50, NULL, '2022-07-31 04:46:21', '2022-07-31 04:46:21'),
(10, 'Fashion', '10.jpg', 'fas fa-tshirt', 50, NULL, '2022-07-31 04:47:35', '2022-07-31 04:47:35'),
(11, 'Furniture', '11.jpg', 'fas fa-couch', 50, NULL, '2022-07-31 04:48:27', '2022-07-31 04:48:27'),
(12, 'Sports', '12.jpg', 'fas fa-dumbbell', 50, NULL, '2022-07-31 04:51:05', '2022-07-31 04:51:05'),
(13, 'Games', '13.jpg', 'fas fa-gamepad', 50, NULL, '2022-07-31 04:57:57', '2022-07-31 04:57:57'),
(14, 'Computer', '14.jpg', 'icon icon-DesktopMonitor', 50, NULL, '2022-07-31 04:58:19', '2022-07-31 04:58:20'),
(15, 'Cooking', '15.jpg', 'icon icon-Star', 50, NULL, '2022-07-31 04:59:51', '2022-07-31 04:59:51');

-- --------------------------------------------------------

--
-- Table structure for table `colors`
--

CREATE TABLE `colors` (
  `id` bigint(20) UNSIGNED NOT NULL,
  `color_name` varchar(255) COLLATE utf8mb4_unicode_ci NOT NULL,
  `color_code` varchar(255) COLLATE utf8mb4_unicode_ci NOT NULL,
  `created_at` timestamp NULL DEFAULT NULL,
  `updated_at` timestamp NULL DEFAULT NULL
) ENGINE=InnoDB DEFAULT CHARSET=utf8mb4 COLLATE=utf8mb4_unicode_ci;

--
-- Dumping data for table `colors`
--

INSERT INTO `colors` (`id`, `color_name`, `color_code`, `created_at`, `updated_at`) VALUES
(1, 'Red', 'FF0000', '2022-05-23 10:58:24', NULL),
(2, 'Blue', '0000FF', '2022-05-23 11:25:49', NULL),
(3, 'Green', '33ff33', '2022-05-23 11:26:16', NULL),
(4, 'Yellow', 'f3ff33', '2022-05-23 11:26:48', NULL),
(5, 'Black', '000', '2022-05-23 11:27:00', NULL),
(6, 'White', 'fff', '2022-05-23 11:27:11', NULL),
(7, 'Purple', 'c433ff', '2022-05-23 11:29:43', NULL),
(8, 'N/A', '12345', '2022-06-08 11:45:19', NULL);

-- --------------------------------------------------------

--
-- Table structure for table `coupons`
--

CREATE TABLE `coupons` (
  `id` bigint(20) UNSIGNED NOT NULL,
  `coupon_name` varchar(255) COLLATE utf8mb4_unicode_ci NOT NULL,
  `coupon_type` int(11) NOT NULL,
  `coupon_amount` int(11) NOT NULL,
  `coupon_validity` date NOT NULL,
  `min_price` int(11) NOT NULL,
  `status` int(11) NOT NULL DEFAULT 0,
  `deleted_at` timestamp NULL DEFAULT NULL,
  `created_at` timestamp NULL DEFAULT NULL,
  `updated_at` timestamp NULL DEFAULT NULL
) ENGINE=InnoDB DEFAULT CHARSET=utf8mb4 COLLATE=utf8mb4_unicode_ci;

--
-- Dumping data for table `coupons`
--

INSERT INTO `coupons` (`id`, `coupon_name`, `coupon_type`, `coupon_amount`, `coupon_validity`, `min_price`, `status`, `deleted_at`, `created_at`, `updated_at`) VALUES
(5, 'MK100OFF', 2, 100, '2022-06-30', 1000, 1, NULL, '2022-06-13 04:37:53', '2022-06-13 09:21:58'),
(6, 'CK20PCNT', 1, 20, '2022-06-30', 2000, 1, NULL, '2022-06-13 04:38:06', '2022-06-13 09:22:00');

-- --------------------------------------------------------

--
-- Table structure for table `customer_email_verifies`
--

CREATE TABLE `customer_email_verifies` (
  `id` bigint(20) UNSIGNED NOT NULL,
  `customer_id` int(11) NOT NULL,
  `token` varchar(255) COLLATE utf8mb4_unicode_ci NOT NULL,
  `created_at` timestamp NULL DEFAULT NULL,
  `updated_at` timestamp NULL DEFAULT NULL
) ENGINE=InnoDB DEFAULT CHARSET=utf8mb4 COLLATE=utf8mb4_unicode_ci;

--
-- Dumping data for table `customer_email_verifies`
--

INSERT INTO `customer_email_verifies` (`id`, `customer_id`, `token`, `created_at`, `updated_at`) VALUES
(18, 29, '62de56e194f68', '2022-07-25 02:40:01', '2022-07-25 02:40:01');

-- --------------------------------------------------------

--
-- Table structure for table `customer_password_resets`
--

CREATE TABLE `customer_password_resets` (
  `id` bigint(20) UNSIGNED NOT NULL,
  `customer_id` int(11) NOT NULL,
  `token` varchar(255) COLLATE utf8mb4_unicode_ci NOT NULL,
  `created_at` timestamp NULL DEFAULT NULL,
  `updated_at` timestamp NULL DEFAULT NULL
) ENGINE=InnoDB DEFAULT CHARSET=utf8mb4 COLLATE=utf8mb4_unicode_ci;

-- --------------------------------------------------------

--
-- Table structure for table `customer_users`
--

CREATE TABLE `customer_users` (
  `id` bigint(20) UNSIGNED NOT NULL,
  `name` varchar(255) COLLATE utf8mb4_unicode_ci DEFAULT NULL,
  `email` varchar(255) COLLATE utf8mb4_unicode_ci NOT NULL,
  `password` varchar(255) COLLATE utf8mb4_unicode_ci NOT NULL,
  `email_verify` date DEFAULT NULL,
  `created_at` timestamp NULL DEFAULT NULL,
  `updated_at` timestamp NULL DEFAULT NULL
) ENGINE=InnoDB DEFAULT CHARSET=utf8mb4 COLLATE=utf8mb4_unicode_ci;

--
-- Dumping data for table `customer_users`
--

INSERT INTO `customer_users` (`id`, `name`, `email`, `password`, `email_verify`, `created_at`, `updated_at`) VALUES
(27, 'Mahi Alam', 'manjurulalammahi@gmail.com', '$2y$10$hKDYvlaDF0Wk5ssfcMETc.a2mJ7uPWbwWvGcD0..o2bvJvGGAMZWO', '2022-07-11', '2022-07-11 10:33:27', '2022-07-11 10:33:39'),
(29, 'gynuzab', 'xyhyjy@mailinator.com', '$2y$10$TB6iuV0LacTcTzdb.Cs.3uOK7HkQvT040j4f29n845euk/raPILG2', '2022-07-11', '2022-07-25 02:40:01', NULL);

-- --------------------------------------------------------

--
-- Table structure for table `districts`
--

CREATE TABLE `districts` (
  `id` int(2) NOT NULL,
  `division_id` int(1) NOT NULL,
  `name` varchar(25) NOT NULL,
  `bn_name` varchar(25) NOT NULL,
  `lat` varchar(15) DEFAULT NULL,
  `lon` varchar(15) DEFAULT NULL,
  `url` varchar(50) NOT NULL
) ENGINE=InnoDB DEFAULT CHARSET=utf8mb4;

--
-- Dumping data for table `districts`
--

INSERT INTO `districts` (`id`, `division_id`, `name`, `bn_name`, `lat`, `lon`, `url`) VALUES
(1, 1, 'Comilla', 'কুমিল্লা', '23.4682747', '91.1788135', 'www.comilla.gov.bd'),
(2, 1, 'Feni', 'ফেনী', '23.023231', '91.3840844', 'www.feni.gov.bd'),
(3, 1, 'Brahmanbaria', 'ব্রাহ্মণবাড়িয়া', '23.9570904', '91.1119286', 'www.brahmanbaria.gov.bd'),
(4, 1, 'Rangamati', 'রাঙ্গামাটি', '22.65561018', '92.17541121', 'www.rangamati.gov.bd'),
(5, 1, 'Noakhali', 'নোয়াখালী', '22.869563', '91.099398', 'www.noakhali.gov.bd'),
(6, 1, 'Chandpur', 'চাঁদপুর', '23.2332585', '90.6712912', 'www.chandpur.gov.bd'),
(7, 1, 'Lakshmipur', 'লক্ষ্মীপুর', '22.942477', '90.841184', 'www.lakshmipur.gov.bd'),
(8, 1, 'Chattogram', 'চট্টগ্রাম', '22.335109', '91.834073', 'www.chittagong.gov.bd'),
(9, 1, 'Coxsbazar', 'কক্সবাজার', '21.44315751', '91.97381741', 'www.coxsbazar.gov.bd'),
(10, 1, 'Khagrachhari', 'খাগড়াছড়ি', '23.119285', '91.984663', 'www.khagrachhari.gov.bd'),
(11, 1, 'Bandarban', 'বান্দরবান', '22.1953275', '92.2183773', 'www.bandarban.gov.bd'),
(12, 2, 'Sirajganj', 'সিরাজগঞ্জ', '24.4533978', '89.7006815', 'www.sirajganj.gov.bd'),
(13, 2, 'Pabna', 'পাবনা', '23.998524', '89.233645', 'www.pabna.gov.bd'),
(14, 2, 'Bogura', 'বগুড়া', '24.8465228', '89.377755', 'www.bogra.gov.bd'),
(15, 2, 'Rajshahi', 'রাজশাহী', '24.37230298', '88.56307623', 'www.rajshahi.gov.bd'),
(16, 2, 'Natore', 'নাটোর', '24.420556', '89.000282', 'www.natore.gov.bd'),
(17, 2, 'Joypurhat', 'জয়পুরহাট', '25.09636876', '89.04004280', 'www.joypurhat.gov.bd'),
(18, 2, 'Chapainawabganj', 'চাঁপাইনবাবগঞ্জ', '24.5965034', '88.2775122', 'www.chapainawabganj.gov.bd'),
(19, 2, 'Naogaon', 'নওগাঁ', '24.83256191', '88.92485205', 'www.naogaon.gov.bd'),
(20, 3, 'Jashore', 'যশোর', '23.16643', '89.2081126', 'www.jessore.gov.bd'),
(21, 3, 'Satkhira', 'সাতক্ষীরা', NULL, NULL, 'www.satkhira.gov.bd'),
(22, 3, 'Meherpur', 'মেহেরপুর', '23.762213', '88.631821', 'www.meherpur.gov.bd'),
(23, 3, 'Narail', 'নড়াইল', '23.172534', '89.512672', 'www.narail.gov.bd'),
(24, 3, 'Chuadanga', 'চুয়াডাঙ্গা', '23.6401961', '88.841841', 'www.chuadanga.gov.bd'),
(25, 3, 'Kushtia', 'কুষ্টিয়া', '23.901258', '89.120482', 'www.kushtia.gov.bd'),
(26, 3, 'Magura', 'মাগুরা', '23.487337', '89.419956', 'www.magura.gov.bd'),
(27, 3, 'Khulna', 'খুলনা', '22.815774', '89.568679', 'www.khulna.gov.bd'),
(28, 3, 'Bagerhat', 'বাগেরহাট', '22.651568', '89.785938', 'www.bagerhat.gov.bd'),
(29, 3, 'Jhenaidah', 'ঝিনাইদহ', '23.5448176', '89.1539213', 'www.jhenaidah.gov.bd'),
(30, 4, 'Jhalakathi', 'ঝালকাঠি', NULL, NULL, 'www.jhalakathi.gov.bd'),
(31, 4, 'Patuakhali', 'পটুয়াখালী', '22.3596316', '90.3298712', 'www.patuakhali.gov.bd'),
(32, 4, 'Pirojpur', 'পিরোজপুর', NULL, NULL, 'www.pirojpur.gov.bd'),
(33, 4, 'Barisal', 'বরিশাল', NULL, NULL, 'www.barisal.gov.bd'),
(34, 4, 'Bhola', 'ভোলা', '22.685923', '90.648179', 'www.bhola.gov.bd'),
(35, 4, 'Barguna', 'বরগুনা', NULL, NULL, 'www.barguna.gov.bd'),
(36, 5, 'Sylhet', 'সিলেট', '24.8897956', '91.8697894', 'www.sylhet.gov.bd'),
(37, 5, 'Moulvibazar', 'মৌলভীবাজার', '24.482934', '91.777417', 'www.moulvibazar.gov.bd'),
(38, 5, 'Habiganj', 'হবিগঞ্জ', '24.374945', '91.41553', 'www.habiganj.gov.bd'),
(39, 5, 'Sunamganj', 'সুনামগঞ্জ', '25.0658042', '91.3950115', 'www.sunamganj.gov.bd'),
(40, 6, 'Narsingdi', 'নরসিংদী', '23.932233', '90.71541', 'www.narsingdi.gov.bd'),
(41, 6, 'Gazipur', 'গাজীপুর', '24.0022858', '90.4264283', 'www.gazipur.gov.bd'),
(42, 6, 'Shariatpur', 'শরীয়তপুর', NULL, NULL, 'www.shariatpur.gov.bd'),
(43, 6, 'Narayanganj', 'নারায়ণগঞ্জ', '23.63366', '90.496482', 'www.narayanganj.gov.bd'),
(44, 6, 'Tangail', 'টাঙ্গাইল', '24.26361358', '89.91794786', 'www.tangail.gov.bd'),
(45, 6, 'Kishoreganj', 'কিশোরগঞ্জ', '24.444937', '90.776575', 'www.kishoreganj.gov.bd'),
(46, 6, 'Manikganj', 'মানিকগঞ্জ', NULL, NULL, 'www.manikganj.gov.bd'),
(47, 6, 'Dhaka', 'ঢাকা', '23.7115253', '90.4111451', 'www.dhaka.gov.bd'),
(48, 6, 'Munshiganj', 'মুন্সিগঞ্জ', NULL, NULL, 'www.munshiganj.gov.bd'),
(49, 6, 'Rajbari', 'রাজবাড়ী', '23.7574305', '89.6444665', 'www.rajbari.gov.bd'),
(50, 6, 'Madaripur', 'মাদারীপুর', '23.164102', '90.1896805', 'www.madaripur.gov.bd'),
(51, 6, 'Gopalganj', 'গোপালগঞ্জ', '23.0050857', '89.8266059', 'www.gopalganj.gov.bd'),
(52, 6, 'Faridpur', 'ফরিদপুর', '23.6070822', '89.8429406', 'www.faridpur.gov.bd'),
(53, 7, 'Panchagarh', 'পঞ্চগড়', '26.3411', '88.5541606', 'www.panchagarh.gov.bd'),
(54, 7, 'Dinajpur', 'দিনাজপুর', '25.6217061', '88.6354504', 'www.dinajpur.gov.bd'),
(55, 7, 'Lalmonirhat', 'লালমনিরহাট', NULL, NULL, 'www.lalmonirhat.gov.bd'),
(56, 7, 'Nilphamari', 'নীলফামারী', '25.931794', '88.856006', 'www.nilphamari.gov.bd'),
(57, 7, 'Gaibandha', 'গাইবান্ধা', '25.328751', '89.528088', 'www.gaibandha.gov.bd'),
(58, 7, 'Thakurgaon', 'ঠাকুরগাঁও', '26.0336945', '88.4616834', 'www.thakurgaon.gov.bd'),
(59, 7, 'Rangpur', 'রংপুর', '25.7558096', '89.244462', 'www.rangpur.gov.bd'),
(60, 7, 'Kurigram', 'কুড়িগ্রাম', '25.805445', '89.636174', 'www.kurigram.gov.bd'),
(61, 8, 'Sherpur', 'শেরপুর', '25.0204933', '90.0152966', 'www.sherpur.gov.bd'),
(62, 8, 'Mymensingh', 'ময়মনসিংহ', '24.7465670', '90.4072093', 'www.mymensingh.gov.bd'),
(63, 8, 'Jamalpur', 'জামালপুর', '24.937533', '89.937775', 'www.jamalpur.gov.bd'),
(64, 8, 'Netrokona', 'নেত্রকোণা', '24.870955', '90.727887', 'www.netrokona.gov.bd');

-- --------------------------------------------------------

--
-- Table structure for table `failed_jobs`
--

CREATE TABLE `failed_jobs` (
  `id` bigint(20) UNSIGNED NOT NULL,
  `uuid` varchar(255) COLLATE utf8mb4_unicode_ci NOT NULL,
  `connection` text COLLATE utf8mb4_unicode_ci NOT NULL,
  `queue` text COLLATE utf8mb4_unicode_ci NOT NULL,
  `payload` longtext COLLATE utf8mb4_unicode_ci NOT NULL,
  `exception` longtext COLLATE utf8mb4_unicode_ci NOT NULL,
  `failed_at` timestamp NOT NULL DEFAULT current_timestamp()
) ENGINE=InnoDB DEFAULT CHARSET=utf8mb4 COLLATE=utf8mb4_unicode_ci;

-- --------------------------------------------------------

--
-- Table structure for table `inventories`
--

CREATE TABLE `inventories` (
  `id` bigint(20) UNSIGNED NOT NULL,
  `product_id` int(11) NOT NULL,
  `color_id` int(11) NOT NULL,
  `size_id` int(11) NOT NULL,
  `quantity` int(11) NOT NULL,
  `created_at` timestamp NULL DEFAULT NULL,
  `updated_at` timestamp NULL DEFAULT NULL
) ENGINE=InnoDB DEFAULT CHARSET=utf8mb4 COLLATE=utf8mb4_unicode_ci;

--
-- Dumping data for table `inventories`
--

INSERT INTO `inventories` (`id`, `product_id`, `color_id`, `size_id`, `quantity`, `created_at`, `updated_at`) VALUES
(12, 5, 1, 5, 10, '2022-07-31 05:23:56', NULL),
(13, 5, 5, 5, 6, '2022-07-31 05:24:11', NULL),
(14, 6, 8, 5, 10, '2022-07-31 05:29:46', NULL),
(15, 7, 1, 1, 50, '2022-07-31 05:30:00', NULL),
(16, 7, 2, 1, 50, '2022-07-31 05:30:11', NULL),
(17, 7, 3, 1, 50, '2022-07-31 05:30:24', NULL),
(18, 7, 5, 1, 50, '2022-07-31 05:30:57', NULL),
(19, 7, 6, 1, 50, '2022-07-31 05:31:06', NULL),
(20, 8, 7, 1, 50, '2022-07-31 05:31:29', NULL),
(21, 8, 4, 1, 50, '2022-07-31 05:31:49', NULL),
(22, 8, 6, 1, 50, '2022-07-31 05:33:46', NULL),
(23, 8, 5, 3, 50, '2022-07-31 05:34:17', NULL),
(24, 8, 1, 2, 50, '2022-07-31 05:34:36', NULL),
(25, 8, 3, 1, 50, '2022-07-31 06:08:43', NULL),
(26, 8, 3, 2, 50, '2022-07-31 06:09:25', NULL),
(27, 8, 4, 2, 10, '2022-07-31 06:10:02', NULL),
(28, 8, 2, 1, 50, '2022-07-31 06:13:36', NULL),
(29, 8, 2, 2, 50, '2022-07-31 06:13:36', NULL),
(30, 8, 2, 3, 50, '2022-07-31 06:13:36', NULL),
(31, 8, 2, 4, 50, '2022-07-31 06:13:36', NULL),
(32, 9, 1, 1, 50, '2022-07-31 06:15:02', NULL),
(33, 9, 1, 2, 50, '2022-07-31 06:15:02', NULL),
(34, 9, 1, 3, 50, '2022-07-31 06:15:02', NULL),
(35, 9, 1, 4, 50, '2022-07-31 06:15:02', NULL),
(36, 9, 5, 1, 50, '2022-07-31 06:15:16', NULL),
(37, 9, 5, 2, 50, '2022-07-31 06:15:16', NULL),
(38, 9, 5, 3, 50, '2022-07-31 06:15:16', NULL),
(39, 9, 5, 4, 50, '2022-07-31 06:15:16', NULL),
(40, 9, 6, 1, 50, '2022-07-31 06:15:26', NULL),
(41, 9, 6, 2, 50, '2022-07-31 06:15:26', NULL),
(42, 9, 6, 3, 50, '2022-07-31 06:15:26', NULL),
(43, 9, 6, 4, 50, '2022-07-31 06:15:26', NULL),
(44, 10, 2, 5, 50, '2022-07-31 06:15:41', NULL),
(45, 10, 4, 5, 50, '2022-07-31 06:15:51', NULL),
(46, 10, 5, 5, 50, '2022-07-31 06:15:59', NULL),
(47, 10, 3, 5, 50, '2022-07-31 06:16:07', NULL),
(48, 11, 8, 5, 100, '2022-07-31 06:16:22', NULL),
(49, 12, 6, 5, 50, '2022-07-31 06:16:39', NULL),
(50, 13, 1, 2, 50, '2022-07-31 06:17:04', NULL),
(51, 13, 1, 3, 50, '2022-07-31 06:17:04', NULL);

-- --------------------------------------------------------

--
-- Table structure for table `migrations`
--

CREATE TABLE `migrations` (
  `id` int(10) UNSIGNED NOT NULL,
  `migration` varchar(255) COLLATE utf8mb4_unicode_ci NOT NULL,
  `batch` int(11) NOT NULL
) ENGINE=InnoDB DEFAULT CHARSET=utf8mb4 COLLATE=utf8mb4_unicode_ci;

--
-- Dumping data for table `migrations`
--

INSERT INTO `migrations` (`id`, `migration`, `batch`) VALUES
(1, '2014_10_12_000000_create_users_table', 1),
(2, '2014_10_12_100000_create_password_resets_table', 1),
(3, '2019_08_19_000000_create_failed_jobs_table', 1),
(4, '2019_12_14_000001_create_personal_access_tokens_table', 1),
(7, '2022_04_13_145827_create_categories_table', 2),
(8, '2022_04_19_092717_create_subcategories_table', 3),
(14, '2022_04_20_135819_create_products_table', 4),
(16, '2022_05_02_105404_create_thumbnails_table', 5),
(17, '2022_05_23_163913_create_colors_table', 6),
(18, '2022_05_23_163935_create_sizes_table', 6),
(19, '2022_05_24_175332_create_inventories_table', 7),
(20, '2022_06_03_180751_create_customer_users_table', 8),
(24, '2022_06_08_165225_create_carts_table', 9),
(25, '2022_06_12_161728_create_coupons_table', 9),
(34, '2022_06_19_115930_create_districts_table', 10),
(35, '2022_06_19_120442_create_upazilas_table', 10),
(36, '2022_06_19_181458_create_orders_table', 10),
(37, '2022_06_20_171753_create_billing_details_table', 10),
(39, '2022_06_20_173559_create_order_details_table', 11),
(40, '2022_06_28_145243_create_customer_password_resets_table', 12),
(41, '2022_06_29_121023_create_customer_email_verifies_table', 13),
(42, '2022_07_06_164722_create_permission_tables', 14);

-- --------------------------------------------------------

--
-- Table structure for table `model_has_permissions`
--

CREATE TABLE `model_has_permissions` (
  `permission_id` bigint(20) UNSIGNED NOT NULL,
  `model_type` varchar(255) COLLATE utf8mb4_unicode_ci NOT NULL,
  `model_id` bigint(20) UNSIGNED NOT NULL
) ENGINE=InnoDB DEFAULT CHARSET=utf8mb4 COLLATE=utf8mb4_unicode_ci;

-- --------------------------------------------------------

--
-- Table structure for table `model_has_roles`
--

CREATE TABLE `model_has_roles` (
  `role_id` bigint(20) UNSIGNED NOT NULL,
  `model_type` varchar(255) COLLATE utf8mb4_unicode_ci NOT NULL,
  `model_id` bigint(20) UNSIGNED NOT NULL
) ENGINE=InnoDB DEFAULT CHARSET=utf8mb4 COLLATE=utf8mb4_unicode_ci;

--
-- Dumping data for table `model_has_roles`
--

INSERT INTO `model_has_roles` (`role_id`, `model_type`, `model_id`) VALUES
(1, 'App\\Models\\User', 7),
(1, 'App\\Models\\User', 53),
(2, 'App\\Models\\User', 8),
(2, 'App\\Models\\User', 10),
(4, 'App\\Models\\User', 9);

-- --------------------------------------------------------

--
-- Table structure for table `orders`
--

CREATE TABLE `orders` (
  `id` bigint(20) UNSIGNED NOT NULL,
  `customer_id` int(11) NOT NULL,
  `subtotal` int(11) NOT NULL,
  `discount` int(11) DEFAULT NULL,
  `charge` int(11) NOT NULL,
  `total_price` int(11) NOT NULL,
  `created_at` timestamp NULL DEFAULT NULL,
  `updated_at` timestamp NULL DEFAULT NULL
) ENGINE=InnoDB DEFAULT CHARSET=utf8mb4 COLLATE=utf8mb4_unicode_ci;

-- --------------------------------------------------------

--
-- Table structure for table `order_details`
--

CREATE TABLE `order_details` (
  `id` bigint(20) UNSIGNED NOT NULL,
  `order_id` int(11) NOT NULL,
  `customer_id` int(11) NOT NULL,
  `product_id` int(11) NOT NULL,
  `color_id` int(11) NOT NULL,
  `size_id` int(11) NOT NULL,
  `quantity` int(11) NOT NULL,
  `price` int(11) NOT NULL,
  `payment_method` int(11) DEFAULT NULL,
  `review` varchar(255) COLLATE utf8mb4_unicode_ci DEFAULT NULL,
  `star` int(11) DEFAULT NULL,
  `created_at` timestamp NULL DEFAULT NULL,
  `updated_at` timestamp NULL DEFAULT NULL
) ENGINE=InnoDB DEFAULT CHARSET=utf8mb4 COLLATE=utf8mb4_unicode_ci;

-- --------------------------------------------------------

--
-- Table structure for table `password_resets`
--

CREATE TABLE `password_resets` (
  `email` varchar(255) COLLATE utf8mb4_unicode_ci NOT NULL,
  `token` varchar(255) COLLATE utf8mb4_unicode_ci NOT NULL,
  `created_at` timestamp NULL DEFAULT NULL
) ENGINE=InnoDB DEFAULT CHARSET=utf8mb4 COLLATE=utf8mb4_unicode_ci;

--
-- Dumping data for table `password_resets`
--

INSERT INTO `password_resets` (`email`, `token`, `created_at`) VALUES
('shoppingzone9696@gmail.com', '62baf66b65ca9', '2022-06-28 06:39:07');

-- --------------------------------------------------------

--
-- Table structure for table `permissions`
--

CREATE TABLE `permissions` (
  `id` bigint(20) UNSIGNED NOT NULL,
  `name` varchar(255) COLLATE utf8mb4_unicode_ci NOT NULL,
  `guard_name` varchar(255) COLLATE utf8mb4_unicode_ci NOT NULL,
  `created_at` timestamp NULL DEFAULT NULL,
  `updated_at` timestamp NULL DEFAULT NULL
) ENGINE=InnoDB DEFAULT CHARSET=utf8mb4 COLLATE=utf8mb4_unicode_ci;

--
-- Dumping data for table `permissions`
--

INSERT INTO `permissions` (`id`, `name`, `guard_name`, `created_at`, `updated_at`) VALUES
(1, 'user_edit', 'web', '2022-07-06 11:35:27', '2022-07-06 11:35:27'),
(2, 'category_edit', 'web', '2022-07-06 11:44:11', '2022-07-06 11:44:11'),
(3, 'sub_category_edit', 'web', '2022-07-06 11:44:24', '2022-07-06 11:44:24'),
(4, 'add_product', 'web', '2022-07-06 11:44:34', '2022-07-06 11:44:34'),
(5, 'add_inventory', 'web', '2022-07-06 11:44:41', '2022-07-06 11:44:41'),
(6, 'add_coupon', 'web', '2022-07-06 11:44:51', '2022-07-06 11:44:51'),
(7, 'product_edit', 'web', '2022-07-06 11:45:17', '2022-07-06 11:45:17'),
(8, 'add_category', 'web', '2022-07-06 11:45:29', '2022-07-06 11:45:29'),
(9, 'add_subcategory', 'web', '2022-07-06 11:45:38', '2022-07-06 11:45:38'),
(10, 'edit_role_management', 'web', '2022-07-06 11:45:57', '2022-07-06 11:45:57');

-- --------------------------------------------------------

--
-- Table structure for table `personal_access_tokens`
--

CREATE TABLE `personal_access_tokens` (
  `id` bigint(20) UNSIGNED NOT NULL,
  `tokenable_type` varchar(255) COLLATE utf8mb4_unicode_ci NOT NULL,
  `tokenable_id` bigint(20) UNSIGNED NOT NULL,
  `name` varchar(255) COLLATE utf8mb4_unicode_ci NOT NULL,
  `token` varchar(64) COLLATE utf8mb4_unicode_ci NOT NULL,
  `abilities` text COLLATE utf8mb4_unicode_ci DEFAULT NULL,
  `last_used_at` timestamp NULL DEFAULT NULL,
  `created_at` timestamp NULL DEFAULT NULL,
  `updated_at` timestamp NULL DEFAULT NULL
) ENGINE=InnoDB DEFAULT CHARSET=utf8mb4 COLLATE=utf8mb4_unicode_ci;

-- --------------------------------------------------------

--
-- Table structure for table `products`
--

CREATE TABLE `products` (
  `id` bigint(20) UNSIGNED NOT NULL,
  `category_id` int(11) NOT NULL,
  `subcategory_id` int(11) DEFAULT NULL,
  `product_name` varchar(255) COLLATE utf8mb4_unicode_ci NOT NULL,
  `product_price` int(11) NOT NULL,
  `product_discount` int(11) DEFAULT NULL,
  `discount_price` int(11) DEFAULT NULL,
  `short_desp` text COLLATE utf8mb4_unicode_ci NOT NULL,
  `long_desp` longtext COLLATE utf8mb4_unicode_ci DEFAULT NULL,
  `sku` varchar(255) COLLATE utf8mb4_unicode_ci NOT NULL,
  `slug` varchar(255) COLLATE utf8mb4_unicode_ci NOT NULL,
  `product_preview` varchar(255) COLLATE utf8mb4_unicode_ci DEFAULT NULL,
  `created_at` timestamp NULL DEFAULT NULL,
  `updated_at` timestamp NULL DEFAULT NULL
) ENGINE=InnoDB DEFAULT CHARSET=utf8mb4 COLLATE=utf8mb4_unicode_ci;

--
-- Dumping data for table `products`
--

INSERT INTO `products` (`id`, `category_id`, `subcategory_id`, `product_name`, `product_price`, `product_discount`, `discount_price`, `short_desp`, `long_desp`, `sku`, `slug`, `product_preview`, `created_at`, `updated_at`) VALUES
(5, 8, 6, 'Iphone 13', 1200000, 10, 108000, 'Lorem Ipsum is simply dummy text of the printing and typesetting industry. Lorem Ipsum has been the industry\'s standard dummy text ever since the 1500s,', '<p><font color=\"#000000\"><span style=\"background-color: rgb(255, 255, 255);\"><strong>Lorem Ipsum</strong> is simply dummy text of the printing and \r\ntypesetting industry. Lorem Ipsum has been the industry\'s standard dummy\r\n text ever since the 1500s, when an unknown printer took a galley of \r\ntype and scrambled it to make a type specimen book. It has survived not \r\nonly five centuries, but also the leap into electronic typesetting, \r\nremaining essentially unchanged. It was popularised in the 1960s with \r\nthe release of Letraset sheets containing Lorem Ipsum passages, and more\r\n recently with desktop publishing software like Aldus PageMaker \r\nincluding versions of Lorem Ipsum.</span></font></p>', 'Ipho-62e6630577c1f', 'electrical-iphone-1391', '5.jpg', '2022-07-31 05:09:57', '2022-07-31 05:09:59'),
(6, 8, 7, 'Mac', 500000, 5, 475000, 'Lorem Ipsum is simply dummy text of the printing and typesetting industry. Lorem Ipsum has been the industry\'s standard dummy text ever since the 1500s, when an unknown printer took a galley of type and scrambled it to make a type specimen book. It has survived', '<p><font color=\"#000000\"><span style=\"background-color: rgb(255, 255, 255);\"><strong>Lorem Ipsum</strong> is simply dummy text of the printing and \r\ntypesetting industry. Lorem Ipsum has been the industry\'s standard dummy\r\n text ever since the 1500s, when an unknown printer took a galley of \r\ntype and scrambled it to make a type specimen book. It has survived not \r\nonly five centuries, but also the leap into electronic typesetting, \r\nremaining essentially unchanged. It was popularised in the 1960s with \r\nthe release of Letraset sheets containing Lorem Ipsum passages, and more\r\n recently with desktop publishing software like Aldus PageMaker \r\nincluding versions of Lorem Ipsum.</span></font></p>', 'Mac-62e663537a2a0', 'electrical-mac89', '6.jpg', '2022-07-31 05:11:15', '2022-07-31 05:11:20'),
(7, 10, 11, 'Plane Tshirt', 200, NULL, 200, 'Lorem Ipsum is simply dummy text of the printing and typesetting industry. Lorem Ipsum has been the industry\'s standard dummy text', '<p><span style=\"background-color: rgb(255, 255, 255);\"><font color=\"#000000\"><strong>Lorem Ipsum</strong> is simply dummy text of the printing and \r\ntypesetting industry. Lorem Ipsum has been the industry\'s standard dummy\r\n text ever since the 1500s, when an unknown printer took a galley of \r\ntype and scrambled it to make a type specimen book. It has survived not \r\nonly five centuries, but also the leap into electronic typesetting, \r\nremaining essentially unchanged. It was popularised in the 1960s with \r\nthe release of Letraset sheets containing Lorem Ipsum passages, and more\r\n recently with desktop publishing software like Aldus PageMaker \r\nincluding versions of Lorem Ipsum.</font></span></p>', 'Plan-62e663be2e81d', 'fashion-plane-tshirt97', '7.jpg', '2022-07-31 05:13:02', '2022-07-31 05:13:05'),
(8, 10, 11, 'Men\'s T-Shirt', 350, NULL, 350, 'Lorem Ipsum is simply dummy text of the printing and typesetting industry. Lorem Ipsum has been the industry\'s standard dummy text', '<p><span style=\"background-color: rgb(255, 255, 255);\"><font color=\"#000000\">Lorem Ipsum is simply dummy text of the printing and \r\ntypesetting industry. Lorem Ipsum has been the industry\'s standard dummy\r\n text ever since the 1500s, when an unknown printer took a galley of \r\ntype and scrambled it to make a type specimen book. It has survived not \r\nonly five centuries, but also the leap into electronic typesetting, \r\nremaining essentially unchanged. It was popularised in the 1960s with \r\nthe release of Letraset sheets containing Lorem Ipsum passages, and more\r\n recently with desktop publishing software like Aldus PageMaker \r\nincluding versions of Lorem Ipsum.</font></span></p>', 'Men\'-62e6641b38db5', 'fashion-men\'s-t-shirt28', '8.jpg', '2022-07-31 05:14:35', '2022-07-31 05:14:37'),
(9, 10, 12, 'Nike Shoe', 15000, 10, 13500, 'Lorem Ipsum is simply dummy text of the printing and typesetting industry. Lorem Ipsum has been the industry\'s standard dummy text', '<p><font color=\"#000000\"><span style=\"background-color: rgb(255, 255, 255);\"><strong>Lorem Ipsum</strong> is simply dummy text of the printing and \r\ntypesetting industry. Lorem Ipsum has been the industry\'s standard dummy\r\n text ever since the 1500s, when an unknown printer took a galley of \r\ntype and scrambled it to make a type specimen book. It has survived not \r\nonly five centuries, but also the leap into electronic typesetting, \r\nremaining essentially unchanged. It was popularised in the 1960s with \r\nthe release of Letraset sheets containing Lorem Ipsum passages, and more\r\n recently with desktop publishing software like Aldus PageMaker \r\nincluding versions of Lorem Ipsum.</span></font></p>', 'Nike-62e6645b24a47', 'fashion-nike59', '9.jpg', '2022-07-31 05:15:39', '2022-07-31 05:15:41'),
(10, 11, 21, 'Kakoli Furniture', 12000, NULL, 12000, 'Lwith the release of Letraset sheets containing Lorem Ipsum passages, and more recently with desktop publishing software like Aldus PageMaker including versions of Lorem Ipsum.', '<p><span style=\"background-color: rgb(255, 255, 255);\"><font color=\"#000000\"><strong>Lorem Ipsum</strong> is simply dummy text of the printing and \r\ntypesetting industry. Lorem Ipsum has been the industry\'s standard dummy\r\n text ever since the 1500s, when an unknown printer took a galley of \r\ntype and scrambled it to make a type specimen book. It has survived not \r\nonly five centuries, but also the leap into electronic typesetting, \r\nremaining essentially unchanged. It was popularised in the 1960s with \r\nthe release of Letraset sheets containing Lorem Ipsum passages, and more\r\n recently with desktop publishing software like Aldus PageMaker \r\nincluding versions of Lorem Ipsum.</font></span></p>', 'Kako-62e664c30185b', 'furniture-kakoli-furniture36', '10.jpg', '2022-07-31 05:17:23', '2022-07-31 05:17:24'),
(11, 12, 13, 'Dumbell', 500, NULL, 500, 'Lorem Ipsum is simply dummy text of the printing and typesetting industry. Lorem Ipsum has been the industry\'s standard dummy text ever since the 1500s, when an unknown printer took a galley of type and scrambled it to make a type specimen book. It has survived', '<p><strong>Lorem Ipsum</strong> is simply dummy text of the printing and \r\ntypesetting industry. Lorem Ipsum has been the industry\'s standard dummy\r\n text ever since the 1500s, when an unknown printer took a galley of \r\ntype and scrambled it to make a type specimen book. It has survived not \r\nonly five centuries, but also the leap into electronic typesetting, \r\nremaining essentially unchanged. It was popularised in the 1960s with \r\nthe release of Letraset sheets containing Lorem Ipsum passages, and more\r\n recently with desktop publishing software like Aldus PageMaker \r\nincluding versions of Lorem Ipsum.</p>', 'Dumb-62e665333e569', 'sports-dumbell70', '11.jpg', '2022-07-31 05:19:15', '2022-07-31 05:19:15'),
(12, 13, 16, 'X-Box Controller', 1800, 15, 1530, 'Lorem Ipsum is simply dummy text of the printing and typesetting industry. Lorem Ipsum has been the industry\'s standard dummy text ever since the 1500s, when an unknown printer took a galley of type and scrambled it to make a type specimen book. It has survived', '<p><strong>Lorem Ipsum</strong> is simply dummy text of the printing and \r\ntypesetting industry. Lorem Ipsum has been the industry\'s standard dummy\r\n text ever since the 1500s, when an unknown printer took a galley of \r\ntype and scrambled it to make a type specimen book. It has survived not \r\nonly five centuries, but also the leap into electronic typesetting, \r\nremaining essentially unchanged. It was popularised in the 1960s with \r\nthe release of Letraset sheets containing Lorem Ipsum passages, and more\r\n recently with desktop publishing software like Aldus PageMaker \r\nincluding versions of Lorem Ipsum.</p>', 'X-Bo-62e6659986742', 'games-x-box-controller22', '12.jpg', '2022-07-31 05:20:57', '2022-07-31 05:20:57'),
(13, 15, 19, 'Saucepans', 700, NULL, 700, 'Lorem Ipsum is simply dummy text of the printing and typesetting industry. Lorem Ipsum has been the industry\'s standard dummy text ever since the 1500s, when an unknown printer took a galley of type and scrambled it to make a type specimen book. It has survived', '<p><strong>Lorem Ipsum</strong> is simply dummy text of the printing and \r\ntypesetting industry. Lorem Ipsum has been the industry\'s standard dummy\r\n text ever since the 1500s, when an unknown printer took a galley of \r\ntype and scrambled it to make a type specimen book. It has survived not \r\nonly five centuries, but also the leap into electronic typesetting, \r\nremaining essentially unchanged. It was popularised in the 1960s with \r\nthe release of Letraset sheets containing Lorem Ipsum passages, and more\r\n recently with desktop publishing software like Aldus PageMaker \r\nincluding versions of Lorem Ipsum.</p>', 'Sauc-62e665d505c83', 'cooking-saucepans13', '13.jpg', '2022-07-31 05:21:57', '2022-07-31 05:21:57');

-- --------------------------------------------------------

--
-- Table structure for table `roles`
--

CREATE TABLE `roles` (
  `id` bigint(20) UNSIGNED NOT NULL,
  `name` varchar(255) COLLATE utf8mb4_unicode_ci NOT NULL,
  `guard_name` varchar(255) COLLATE utf8mb4_unicode_ci NOT NULL,
  `created_at` timestamp NULL DEFAULT NULL,
  `updated_at` timestamp NULL DEFAULT NULL
) ENGINE=InnoDB DEFAULT CHARSET=utf8mb4 COLLATE=utf8mb4_unicode_ci;

--
-- Dumping data for table `roles`
--

INSERT INTO `roles` (`id`, `name`, `guard_name`, `created_at`, `updated_at`) VALUES
(1, 'Super Admin', 'web', '2022-07-06 12:03:04', '2022-07-06 12:03:04'),
(2, 'Admin', 'web', '2022-07-06 12:03:46', '2022-07-06 12:03:46'),
(3, 'Moderator', 'web', '2022-07-06 12:04:11', '2022-07-06 12:04:11'),
(4, 'Editor', 'web', '2022-07-06 12:04:27', '2022-07-06 12:04:27');

-- --------------------------------------------------------

--
-- Table structure for table `role_has_permissions`
--

CREATE TABLE `role_has_permissions` (
  `permission_id` bigint(20) UNSIGNED NOT NULL,
  `role_id` bigint(20) UNSIGNED NOT NULL
) ENGINE=InnoDB DEFAULT CHARSET=utf8mb4 COLLATE=utf8mb4_unicode_ci;

--
-- Dumping data for table `role_has_permissions`
--

INSERT INTO `role_has_permissions` (`permission_id`, `role_id`) VALUES
(1, 1),
(1, 2),
(1, 4),
(2, 1),
(2, 2),
(2, 4),
(3, 1),
(3, 2),
(3, 4),
(4, 1),
(4, 2),
(4, 3),
(5, 1),
(5, 2),
(5, 3),
(6, 1),
(6, 2),
(6, 3),
(7, 1),
(7, 2),
(7, 4),
(8, 1),
(8, 2),
(8, 3),
(9, 1),
(9, 2),
(9, 3),
(10, 1);

-- --------------------------------------------------------

--
-- Table structure for table `sizes`
--

CREATE TABLE `sizes` (
  `id` bigint(20) UNSIGNED NOT NULL,
  `size_name` varchar(255) COLLATE utf8mb4_unicode_ci NOT NULL,
  `created_at` timestamp NULL DEFAULT NULL,
  `updated_at` timestamp NULL DEFAULT NULL
) ENGINE=InnoDB DEFAULT CHARSET=utf8mb4 COLLATE=utf8mb4_unicode_ci;

--
-- Dumping data for table `sizes`
--

INSERT INTO `sizes` (`id`, `size_name`, `created_at`, `updated_at`) VALUES
(1, 'Small', '2022-05-23 10:59:00', NULL),
(2, 'Medium', '2022-05-23 11:24:48', NULL),
(3, 'Large', '2022-05-23 11:25:15', NULL),
(4, 'Extra Large', '2022-05-23 11:25:25', NULL),
(5, 'N/A', '2022-06-08 11:45:24', NULL);

-- --------------------------------------------------------

--
-- Table structure for table `sslorders`
--

CREATE TABLE `sslorders` (
  `id` int(11) NOT NULL,
  `name` varchar(255) COLLATE utf8_unicode_ci DEFAULT NULL,
  `email` varchar(30) COLLATE utf8_unicode_ci DEFAULT NULL,
  `phone` varchar(20) COLLATE utf8_unicode_ci DEFAULT NULL,
  `amount` double DEFAULT NULL,
  `address` text COLLATE utf8_unicode_ci DEFAULT NULL,
  `status` varchar(10) COLLATE utf8_unicode_ci DEFAULT NULL,
  `transaction_id` varchar(255) COLLATE utf8_unicode_ci DEFAULT NULL,
  `currency` varchar(20) COLLATE utf8_unicode_ci DEFAULT NULL
) ENGINE=InnoDB DEFAULT CHARSET=utf8 COLLATE=utf8_unicode_ci;

--
-- Dumping data for table `sslorders`
--

INSERT INTO `sslorders` (`id`, `name`, `email`, `phone`, `amount`, `address`, `status`, `transaction_id`, `currency`) VALUES
(1, 'Customer Name', 'customer@mail.com', '8801XXXXXXXXX', 10, 'Customer Address', 'Processing', '62b4b547be74f', 'BDT'),
(2, 'Customer Name', 'customer@mail.com', '8801XXXXXXXXX', 10, 'Customer Address', 'Pending', '62b5bfbe56be6', 'BDT'),
(3, 'Customer Name', 'customer@mail.com', '8801XXXXXXXXX', 1850, 'Customer Address', 'Pending', '62b5c0903b198', 'BDT'),
(4, 'Customer Name', 'customer@mail.com', '8801XXXXXXXXX', 1850, 'Customer Address', 'Pending', '62b5c0ab59956', 'BDT'),
(5, 'Customer Name', 'customer@mail.com', '8801XXXXXXXXX', 1850, 'Customer Address', 'Processing', '62b5c74be64f6', 'BDT'),
(6, 'Customer Name', 'customer@mail.com', '8801XXXXXXXXX', 1850, 'Customer Address', 'Pending', '62b5cdcab2c92', 'BDT'),
(7, 'Customer Name', 'customer@mail.com', '8801XXXXXXXXX', 1800, 'Customer Address', 'Pending', '62b5de85cc27a', 'BDT'),
(8, 'Customer Name', 'customer@mail.com', '8801XXXXXXXXX', 988100, 'Customer Address', 'Pending', '62b5df695f58b', 'BDT');

-- --------------------------------------------------------

--
-- Table structure for table `subcategories`
--

CREATE TABLE `subcategories` (
  `id` bigint(20) UNSIGNED NOT NULL,
  `category_id` int(11) NOT NULL,
  `subcategory_name` varchar(255) COLLATE utf8mb4_unicode_ci NOT NULL,
  `deleted_at` timestamp NULL DEFAULT NULL,
  `created_at` timestamp NULL DEFAULT NULL,
  `updated_at` timestamp NULL DEFAULT NULL
) ENGINE=InnoDB DEFAULT CHARSET=utf8mb4 COLLATE=utf8mb4_unicode_ci;

--
-- Dumping data for table `subcategories`
--

INSERT INTO `subcategories` (`id`, `category_id`, `subcategory_name`, `deleted_at`, `created_at`, `updated_at`) VALUES
(6, 8, 'Mobile Phone', NULL, NULL, NULL),
(7, 8, 'Laptop', NULL, NULL, NULL),
(8, 8, 'Television', NULL, NULL, NULL),
(9, 9, 'Wires', NULL, NULL, NULL),
(10, 9, 'Switch Box', NULL, NULL, NULL),
(11, 10, 'T-Shirt', NULL, NULL, NULL),
(12, 10, 'Shoe', NULL, NULL, NULL),
(13, 12, 'Gym', NULL, NULL, NULL),
(14, 12, 'Football', NULL, NULL, NULL),
(15, 13, 'Video Games', NULL, NULL, NULL),
(16, 13, 'X-Box', NULL, NULL, NULL),
(17, 13, 'PlayStation', NULL, NULL, NULL),
(18, 15, 'Pan', NULL, NULL, NULL),
(19, 15, 'Saucepans', NULL, NULL, NULL),
(20, 15, 'Microoven', NULL, NULL, NULL),
(21, 11, 'Sofa', NULL, NULL, NULL);

-- --------------------------------------------------------

--
-- Table structure for table `thumbnails`
--

CREATE TABLE `thumbnails` (
  `id` bigint(20) UNSIGNED NOT NULL,
  `product_id` int(11) NOT NULL,
  `thumbnail` varchar(255) COLLATE utf8mb4_unicode_ci NOT NULL,
  `created_at` timestamp NULL DEFAULT NULL,
  `updated_at` timestamp NULL DEFAULT NULL
) ENGINE=InnoDB DEFAULT CHARSET=utf8mb4 COLLATE=utf8mb4_unicode_ci;

--
-- Dumping data for table `thumbnails`
--

INSERT INTO `thumbnails` (`id`, `product_id`, `thumbnail`, `created_at`, `updated_at`) VALUES
(1, 3, '3-1.png', '2022-05-23 09:56:36', NULL),
(2, 3, '3-2.png', '2022-05-23 09:56:36', NULL),
(3, 3, '3-3.jpg', '2022-05-23 09:56:36', NULL),
(4, 3, '3-4.jpg', '2022-05-23 09:56:36', NULL),
(5, 1, '1-1.jpg', '2022-05-30 12:45:25', NULL),
(6, 1, '1-2.jpg', '2022-05-30 12:45:27', NULL),
(7, 1, '1-3.jpg', '2022-05-30 12:45:30', NULL),
(8, 1, '1-4.jpg', '2022-05-30 12:45:31', NULL),
(9, 2, '2-1.jpg', '2022-05-30 12:48:54', NULL),
(10, 2, '2-2.jpg', '2022-05-30 12:48:58', NULL),
(11, 2, '2-3.jpg', '2022-05-30 12:49:00', NULL),
(12, 2, '2-4.jpg', '2022-05-30 12:49:02', NULL),
(13, 2, '2-5.jpg', '2022-05-30 12:49:04', NULL),
(14, 3, '3-1.jpg', '2022-05-30 23:19:56', NULL),
(15, 3, '3-2.jpg', '2022-05-30 23:19:57', NULL),
(16, 3, '3-3.jpg', '2022-05-30 23:19:58', NULL),
(17, 3, '3-4.jpg', '2022-05-30 23:19:58', NULL),
(18, 3, '3-5.jpg', '2022-05-30 23:19:59', NULL),
(19, 4, '4-1.jpg', '2022-05-30 23:28:09', NULL),
(20, 4, '4-2.jpg', '2022-05-30 23:28:12', NULL),
(21, 4, '4-3.jpg', '2022-05-30 23:28:14', NULL),
(22, 4, '4-4.jpg', '2022-05-30 23:28:15', NULL),
(23, 5, '5-1.jpg', '2022-07-31 05:10:01', NULL),
(24, 5, '5-2.jpg', '2022-07-31 05:10:04', NULL),
(25, 5, '5-3.jpg', '2022-07-31 05:10:07', NULL),
(26, 5, '5-4.jpg', '2022-07-31 05:10:08', NULL),
(27, 6, '6-1.jpg', '2022-07-31 05:11:22', NULL),
(28, 6, '6-2.jpg', '2022-07-31 05:11:24', NULL),
(29, 6, '6-3.jpg', '2022-07-31 05:11:29', NULL),
(30, 6, '6-4.jpg', '2022-07-31 05:11:34', NULL),
(31, 7, '7-1.jpg', '2022-07-31 05:13:09', NULL),
(32, 7, '7-2.jpg', '2022-07-31 05:13:12', NULL),
(33, 8, '8-1.jpg', '2022-07-31 05:14:38', NULL),
(34, 8, '8-2.jpg', '2022-07-31 05:14:40', NULL),
(35, 8, '8-3.jpg', '2022-07-31 05:14:42', NULL),
(36, 9, '9-1.jpg', '2022-07-31 05:15:45', NULL),
(37, 9, '9-2.jpg', '2022-07-31 05:15:47', NULL),
(38, 10, '10-1.jpg', '2022-07-31 05:17:26', NULL),
(39, 10, '10-2.jpg', '2022-07-31 05:17:27', NULL),
(40, 10, '10-3.jpg', '2022-07-31 05:17:29', NULL),
(41, 10, '10-4.jpg', '2022-07-31 05:17:31', NULL),
(42, 11, '11-1.jpg', '2022-07-31 05:19:15', NULL),
(43, 12, '12-1.jpg', '2022-07-31 05:20:57', NULL),
(44, 13, '13-1.jpg', '2022-07-31 05:21:57', NULL),
(45, 13, '13-2.jpg', '2022-07-31 05:21:57', NULL);

-- --------------------------------------------------------

--
-- Table structure for table `upazilas`
--

CREATE TABLE `upazilas` (
  `id` int(3) NOT NULL,
  `district_id` int(2) NOT NULL,
  `name` varchar(25) NOT NULL,
  `bn_name` varchar(25) NOT NULL,
  `url` varchar(50) NOT NULL
) ENGINE=InnoDB DEFAULT CHARSET=utf8;

--
-- Dumping data for table `upazilas`
--

INSERT INTO `upazilas` (`id`, `district_id`, `name`, `bn_name`, `url`) VALUES
(1, 1, 'Debidwar', 'দেবিদ্বার', 'debidwar.comilla.gov.bd'),
(2, 1, 'Barura', 'বরুড়া', 'barura.comilla.gov.bd'),
(3, 1, 'Brahmanpara', 'ব্রাহ্মণপাড়া', 'brahmanpara.comilla.gov.bd'),
(4, 1, 'Chandina', 'চান্দিনা', 'chandina.comilla.gov.bd'),
(5, 1, 'Chauddagram', 'চৌদ্দগ্রাম', 'chauddagram.comilla.gov.bd'),
(6, 1, 'Daudkandi', 'দাউদকান্দি', 'daudkandi.comilla.gov.bd'),
(7, 1, 'Homna', 'হোমনা', 'homna.comilla.gov.bd'),
(8, 1, 'Laksam', 'লাকসাম', 'laksam.comilla.gov.bd'),
(9, 1, 'Muradnagar', 'মুরাদনগর', 'muradnagar.comilla.gov.bd'),
(10, 1, 'Nangalkot', 'নাঙ্গলকোট', 'nangalkot.comilla.gov.bd'),
(11, 1, 'Comilla Sadar', 'কুমিল্লা সদর', 'comillasadar.comilla.gov.bd'),
(12, 1, 'Meghna', 'মেঘনা', 'meghna.comilla.gov.bd'),
(13, 1, 'Monohargonj', 'মনোহরগঞ্জ', 'monohargonj.comilla.gov.bd'),
(14, 1, 'Sadarsouth', 'সদর দক্ষিণ', 'sadarsouth.comilla.gov.bd'),
(15, 1, 'Titas', 'তিতাস', 'titas.comilla.gov.bd'),
(16, 1, 'Burichang', 'বুড়িচং', 'burichang.comilla.gov.bd'),
(17, 1, 'Lalmai', 'লালমাই', 'lalmai.comilla.gov.bd'),
(18, 2, 'Chhagalnaiya', 'ছাগলনাইয়া', 'chhagalnaiya.feni.gov.bd'),
(19, 2, 'Feni Sadar', 'ফেনী সদর', 'sadar.feni.gov.bd'),
(20, 2, 'Sonagazi', 'সোনাগাজী', 'sonagazi.feni.gov.bd'),
(21, 2, 'Fulgazi', 'ফুলগাজী', 'fulgazi.feni.gov.bd'),
(22, 2, 'Parshuram', 'পরশুরাম', 'parshuram.feni.gov.bd'),
(23, 2, 'Daganbhuiyan', 'দাগনভূঞা', 'daganbhuiyan.feni.gov.bd'),
(24, 3, 'Brahmanbaria Sadar', 'ব্রাহ্মণবাড়িয়া সদর', 'sadar.brahmanbaria.gov.bd'),
(25, 3, 'Kasba', 'কসবা', 'kasba.brahmanbaria.gov.bd'),
(26, 3, 'Nasirnagar', 'নাসিরনগর', 'nasirnagar.brahmanbaria.gov.bd'),
(27, 3, 'Sarail', 'সরাইল', 'sarail.brahmanbaria.gov.bd'),
(28, 3, 'Ashuganj', 'আশুগঞ্জ', 'ashuganj.brahmanbaria.gov.bd'),
(29, 3, 'Akhaura', 'আখাউড়া', 'akhaura.brahmanbaria.gov.bd'),
(30, 3, 'Nabinagar', 'নবীনগর', 'nabinagar.brahmanbaria.gov.bd'),
(31, 3, 'Bancharampur', 'বাঞ্ছারামপুর', 'bancharampur.brahmanbaria.gov.bd'),
(32, 3, 'Bijoynagar', 'বিজয়নগর', 'bijoynagar.brahmanbaria.gov.bd    '),
(33, 4, 'Rangamati Sadar', 'রাঙ্গামাটি সদর', 'sadar.rangamati.gov.bd'),
(34, 4, 'Kaptai', 'কাপ্তাই', 'kaptai.rangamati.gov.bd'),
(35, 4, 'Kawkhali', 'কাউখালী', 'kawkhali.rangamati.gov.bd'),
(36, 4, 'Baghaichari', 'বাঘাইছড়ি', 'baghaichari.rangamati.gov.bd'),
(37, 4, 'Barkal', 'বরকল', 'barkal.rangamati.gov.bd'),
(38, 4, 'Langadu', 'লংগদু', 'langadu.rangamati.gov.bd'),
(39, 4, 'Rajasthali', 'রাজস্থলী', 'rajasthali.rangamati.gov.bd'),
(40, 4, 'Belaichari', 'বিলাইছড়ি', 'belaichari.rangamati.gov.bd'),
(41, 4, 'Juraichari', 'জুরাছড়ি', 'juraichari.rangamati.gov.bd'),
(42, 4, 'Naniarchar', 'নানিয়ারচর', 'naniarchar.rangamati.gov.bd'),
(43, 5, 'Noakhali Sadar', 'নোয়াখালী সদর', 'sadar.noakhali.gov.bd'),
(44, 5, 'Companiganj', 'কোম্পানীগঞ্জ', 'companiganj.noakhali.gov.bd'),
(45, 5, 'Begumganj', 'বেগমগঞ্জ', 'begumganj.noakhali.gov.bd'),
(46, 5, 'Hatia', 'হাতিয়া', 'hatia.noakhali.gov.bd'),
(47, 5, 'Subarnachar', 'সুবর্ণচর', 'subarnachar.noakhali.gov.bd'),
(48, 5, 'Kabirhat', 'কবিরহাট', 'kabirhat.noakhali.gov.bd'),
(49, 5, 'Senbug', 'সেনবাগ', 'senbug.noakhali.gov.bd'),
(50, 5, 'Chatkhil', 'চাটখিল', 'chatkhil.noakhali.gov.bd'),
(51, 5, 'Sonaimori', 'সোনাইমুড়ী', 'sonaimori.noakhali.gov.bd'),
(52, 6, 'Haimchar', 'হাইমচর', 'haimchar.chandpur.gov.bd'),
(53, 6, 'Kachua', 'কচুয়া', 'kachua.chandpur.gov.bd'),
(54, 6, 'Shahrasti', 'শাহরাস্তি	', 'shahrasti.chandpur.gov.bd'),
(55, 6, 'Chandpur Sadar', 'চাঁদপুর সদর', 'sadar.chandpur.gov.bd'),
(56, 6, 'Matlab South', 'মতলব দক্ষিণ', 'matlabsouth.chandpur.gov.bd'),
(57, 6, 'Hajiganj', 'হাজীগঞ্জ', 'hajiganj.chandpur.gov.bd'),
(58, 6, 'Matlab North', 'মতলব উত্তর', 'matlabnorth.chandpur.gov.bd'),
(59, 6, 'Faridgonj', 'ফরিদগঞ্জ', 'faridgonj.chandpur.gov.bd'),
(60, 7, 'Lakshmipur Sadar', 'লক্ষ্মীপুর সদর', 'sadar.lakshmipur.gov.bd'),
(61, 7, 'Kamalnagar', 'কমলনগর', 'kamalnagar.lakshmipur.gov.bd'),
(62, 7, 'Raipur', 'রায়পুর', 'raipur.lakshmipur.gov.bd'),
(63, 7, 'Ramgati', 'রামগতি', 'ramgati.lakshmipur.gov.bd'),
(64, 7, 'Ramganj', 'রামগঞ্জ', 'ramganj.lakshmipur.gov.bd'),
(65, 8, 'Rangunia', 'রাঙ্গুনিয়া', 'rangunia.chittagong.gov.bd'),
(66, 8, 'Sitakunda', 'সীতাকুন্ড', 'sitakunda.chittagong.gov.bd'),
(67, 8, 'Mirsharai', 'মীরসরাই', 'mirsharai.chittagong.gov.bd'),
(68, 8, 'Patiya', 'পটিয়া', 'patiya.chittagong.gov.bd'),
(69, 8, 'Sandwip', 'সন্দ্বীপ', 'sandwip.chittagong.gov.bd'),
(70, 8, 'Banshkhali', 'বাঁশখালী', 'banshkhali.chittagong.gov.bd'),
(71, 8, 'Boalkhali', 'বোয়ালখালী', 'boalkhali.chittagong.gov.bd'),
(72, 8, 'Anwara', 'আনোয়ারা', 'anwara.chittagong.gov.bd'),
(73, 8, 'Chandanaish', 'চন্দনাইশ', 'chandanaish.chittagong.gov.bd'),
(74, 8, 'Satkania', 'সাতকানিয়া', 'satkania.chittagong.gov.bd'),
(75, 8, 'Lohagara', 'লোহাগাড়া', 'lohagara.chittagong.gov.bd'),
(76, 8, 'Hathazari', 'হাটহাজারী', 'hathazari.chittagong.gov.bd'),
(77, 8, 'Fatikchhari', 'ফটিকছড়ি', 'fatikchhari.chittagong.gov.bd'),
(78, 8, 'Raozan', 'রাউজান', 'raozan.chittagong.gov.bd'),
(79, 8, 'Karnafuli', 'কর্ণফুলী', 'karnafuli.chittagong.gov.bd'),
(80, 9, 'Coxsbazar Sadar', 'কক্সবাজার সদর', 'sadar.coxsbazar.gov.bd'),
(81, 9, 'Chakaria', 'চকরিয়া', 'chakaria.coxsbazar.gov.bd'),
(82, 9, 'Kutubdia', 'কুতুবদিয়া', 'kutubdia.coxsbazar.gov.bd'),
(83, 9, 'Ukhiya', 'উখিয়া', 'ukhiya.coxsbazar.gov.bd'),
(84, 9, 'Moheshkhali', 'মহেশখালী', 'moheshkhali.coxsbazar.gov.bd'),
(85, 9, 'Pekua', 'পেকুয়া', 'pekua.coxsbazar.gov.bd'),
(86, 9, 'Ramu', 'রামু', 'ramu.coxsbazar.gov.bd'),
(87, 9, 'Teknaf', 'টেকনাফ', 'teknaf.coxsbazar.gov.bd'),
(88, 10, 'Khagrachhari Sadar', 'খাগড়াছড়ি সদর', 'sadar.khagrachhari.gov.bd'),
(89, 10, 'Dighinala', 'দিঘীনালা', 'dighinala.khagrachhari.gov.bd'),
(90, 10, 'Panchari', 'পানছড়ি', 'panchari.khagrachhari.gov.bd'),
(91, 10, 'Laxmichhari', 'লক্ষীছড়ি', 'laxmichhari.khagrachhari.gov.bd'),
(92, 10, 'Mohalchari', 'মহালছড়ি', 'mohalchari.khagrachhari.gov.bd'),
(93, 10, 'Manikchari', 'মানিকছড়ি', 'manikchari.khagrachhari.gov.bd'),
(94, 10, 'Ramgarh', 'রামগড়', 'ramgarh.khagrachhari.gov.bd'),
(95, 10, 'Matiranga', 'মাটিরাঙ্গা', 'matiranga.khagrachhari.gov.bd'),
(96, 10, 'Guimara', 'গুইমারা', 'guimara.khagrachhari.gov.bd'),
(97, 11, 'Bandarban Sadar', 'বান্দরবান সদর', 'sadar.bandarban.gov.bd'),
(98, 11, 'Alikadam', 'আলীকদম', 'alikadam.bandarban.gov.bd'),
(99, 11, 'Naikhongchhari', 'নাইক্ষ্যংছড়ি', 'naikhongchhari.bandarban.gov.bd'),
(100, 11, 'Rowangchhari', 'রোয়াংছড়ি', 'rowangchhari.bandarban.gov.bd'),
(101, 11, 'Lama', 'লামা', 'lama.bandarban.gov.bd'),
(102, 11, 'Ruma', 'রুমা', 'ruma.bandarban.gov.bd'),
(103, 11, 'Thanchi', 'থানচি', 'thanchi.bandarban.gov.bd'),
(104, 12, 'Belkuchi', 'বেলকুচি', 'belkuchi.sirajganj.gov.bd'),
(105, 12, 'Chauhali', 'চৌহালি', 'chauhali.sirajganj.gov.bd'),
(106, 12, 'Kamarkhand', 'কামারখন্দ', 'kamarkhand.sirajganj.gov.bd'),
(107, 12, 'Kazipur', 'কাজীপুর', 'kazipur.sirajganj.gov.bd'),
(108, 12, 'Raigonj', 'রায়গঞ্জ', 'raigonj.sirajganj.gov.bd'),
(109, 12, 'Shahjadpur', 'শাহজাদপুর', 'shahjadpur.sirajganj.gov.bd'),
(110, 12, 'Sirajganj Sadar', 'সিরাজগঞ্জ সদর', 'sirajganjsadar.sirajganj.gov.bd'),
(111, 12, 'Tarash', 'তাড়াশ', 'tarash.sirajganj.gov.bd'),
(112, 12, 'Ullapara', 'উল্লাপাড়া', 'ullapara.sirajganj.gov.bd'),
(113, 13, 'Sujanagar', 'সুজানগর', 'sujanagar.pabna.gov.bd'),
(114, 13, 'Ishurdi', 'ঈশ্বরদী', 'ishurdi.pabna.gov.bd'),
(115, 13, 'Bhangura', 'ভাঙ্গুড়া', 'bhangura.pabna.gov.bd'),
(116, 13, 'Pabna Sadar', 'পাবনা সদর', 'pabnasadar.pabna.gov.bd'),
(117, 13, 'Bera', 'বেড়া', 'bera.pabna.gov.bd'),
(118, 13, 'Atghoria', 'আটঘরিয়া', 'atghoria.pabna.gov.bd'),
(119, 13, 'Chatmohar', 'চাটমোহর', 'chatmohar.pabna.gov.bd'),
(120, 13, 'Santhia', 'সাঁথিয়া', 'santhia.pabna.gov.bd'),
(121, 13, 'Faridpur', 'ফরিদপুর', 'faridpur.pabna.gov.bd'),
(122, 14, 'Kahaloo', 'কাহালু', 'kahaloo.bogra.gov.bd'),
(123, 14, 'Bogra Sadar', 'বগুড়া সদর', 'sadar.bogra.gov.bd'),
(124, 14, 'Shariakandi', 'সারিয়াকান্দি', 'shariakandi.bogra.gov.bd'),
(125, 14, 'Shajahanpur', 'শাজাহানপুর', 'shajahanpur.bogra.gov.bd'),
(126, 14, 'Dupchanchia', 'দুপচাচিঁয়া', 'dupchanchia.bogra.gov.bd'),
(127, 14, 'Adamdighi', 'আদমদিঘি', 'adamdighi.bogra.gov.bd'),
(128, 14, 'Nondigram', 'নন্দিগ্রাম', 'nondigram.bogra.gov.bd'),
(129, 14, 'Sonatala', 'সোনাতলা', 'sonatala.bogra.gov.bd'),
(130, 14, 'Dhunot', 'ধুনট', 'dhunot.bogra.gov.bd'),
(131, 14, 'Gabtali', 'গাবতলী', 'gabtali.bogra.gov.bd'),
(132, 14, 'Sherpur', 'শেরপুর', 'sherpur.bogra.gov.bd'),
(133, 14, 'Shibganj', 'শিবগঞ্জ', 'shibganj.bogra.gov.bd'),
(134, 15, 'Paba', 'পবা', 'paba.rajshahi.gov.bd'),
(135, 15, 'Durgapur', 'দুর্গাপুর', 'durgapur.rajshahi.gov.bd'),
(136, 15, 'Mohonpur', 'মোহনপুর', 'mohonpur.rajshahi.gov.bd'),
(137, 15, 'Charghat', 'চারঘাট', 'charghat.rajshahi.gov.bd'),
(138, 15, 'Puthia', 'পুঠিয়া', 'puthia.rajshahi.gov.bd'),
(139, 15, 'Bagha', 'বাঘা', 'bagha.rajshahi.gov.bd'),
(140, 15, 'Godagari', 'গোদাগাড়ী', 'godagari.rajshahi.gov.bd'),
(141, 15, 'Tanore', 'তানোর', 'tanore.rajshahi.gov.bd'),
(142, 15, 'Bagmara', 'বাগমারা', 'bagmara.rajshahi.gov.bd'),
(143, 16, 'Natore Sadar', 'নাটোর সদর', 'natoresadar.natore.gov.bd'),
(144, 16, 'Singra', 'সিংড়া', 'singra.natore.gov.bd'),
(145, 16, 'Baraigram', 'বড়াইগ্রাম', 'baraigram.natore.gov.bd'),
(146, 16, 'Bagatipara', 'বাগাতিপাড়া', 'bagatipara.natore.gov.bd'),
(147, 16, 'Lalpur', 'লালপুর', 'lalpur.natore.gov.bd'),
(148, 16, 'Gurudaspur', 'গুরুদাসপুর', 'gurudaspur.natore.gov.bd'),
(149, 16, 'Naldanga', 'নলডাঙ্গা', 'naldanga.natore.gov.bd'),
(150, 17, 'Akkelpur', 'আক্কেলপুর', 'akkelpur.joypurhat.gov.bd'),
(151, 17, 'Kalai', 'কালাই', 'kalai.joypurhat.gov.bd'),
(152, 17, 'Khetlal', 'ক্ষেতলাল', 'khetlal.joypurhat.gov.bd'),
(153, 17, 'Panchbibi', 'পাঁচবিবি', 'panchbibi.joypurhat.gov.bd'),
(154, 17, 'Joypurhat Sadar', 'জয়পুরহাট সদর', 'joypurhatsadar.joypurhat.gov.bd'),
(155, 18, 'Chapainawabganj Sadar', 'চাঁপাইনবাবগঞ্জ সদর', 'chapainawabganjsadar.chapainawabganj.gov.bd'),
(156, 18, 'Gomostapur', 'গোমস্তাপুর', 'gomostapur.chapainawabganj.gov.bd'),
(157, 18, 'Nachol', 'নাচোল', 'nachol.chapainawabganj.gov.bd'),
(158, 18, 'Bholahat', 'ভোলাহাট', 'bholahat.chapainawabganj.gov.bd'),
(159, 18, 'Shibganj', 'শিবগঞ্জ', 'shibganj.chapainawabganj.gov.bd'),
(160, 19, 'Mohadevpur', 'মহাদেবপুর', 'mohadevpur.naogaon.gov.bd'),
(161, 19, 'Badalgachi', 'বদলগাছী', 'badalgachi.naogaon.gov.bd'),
(162, 19, 'Patnitala', 'পত্নিতলা', 'patnitala.naogaon.gov.bd'),
(163, 19, 'Dhamoirhat', 'ধামইরহাট', 'dhamoirhat.naogaon.gov.bd'),
(164, 19, 'Niamatpur', 'নিয়ামতপুর', 'niamatpur.naogaon.gov.bd'),
(165, 19, 'Manda', 'মান্দা', 'manda.naogaon.gov.bd'),
(166, 19, 'Atrai', 'আত্রাই', 'atrai.naogaon.gov.bd'),
(167, 19, 'Raninagar', 'রাণীনগর', 'raninagar.naogaon.gov.bd'),
(168, 19, 'Naogaon Sadar', 'নওগাঁ সদর', 'naogaonsadar.naogaon.gov.bd'),
(169, 19, 'Porsha', 'পোরশা', 'porsha.naogaon.gov.bd'),
(170, 19, 'Sapahar', 'সাপাহার', 'sapahar.naogaon.gov.bd'),
(171, 20, 'Manirampur', 'মণিরামপুর', 'manirampur.jessore.gov.bd'),
(172, 20, 'Abhaynagar', 'অভয়নগর', 'abhaynagar.jessore.gov.bd'),
(173, 20, 'Bagherpara', 'বাঘারপাড়া', 'bagherpara.jessore.gov.bd'),
(174, 20, 'Chougachha', 'চৌগাছা', 'chougachha.jessore.gov.bd'),
(175, 20, 'Jhikargacha', 'ঝিকরগাছা', 'jhikargacha.jessore.gov.bd'),
(176, 20, 'Keshabpur', 'কেশবপুর', 'keshabpur.jessore.gov.bd'),
(177, 20, 'Jessore Sadar', 'যশোর সদর', 'sadar.jessore.gov.bd'),
(178, 20, 'Sharsha', 'শার্শা', 'sharsha.jessore.gov.bd'),
(179, 21, 'Assasuni', 'আশাশুনি', 'assasuni.satkhira.gov.bd'),
(180, 21, 'Debhata', 'দেবহাটা', 'debhata.satkhira.gov.bd'),
(181, 21, 'Kalaroa', 'কলারোয়া', 'kalaroa.satkhira.gov.bd'),
(182, 21, 'Satkhira Sadar', 'সাতক্ষীরা সদর', 'satkhirasadar.satkhira.gov.bd'),
(183, 21, 'Shyamnagar', 'শ্যামনগর', 'shyamnagar.satkhira.gov.bd'),
(184, 21, 'Tala', 'তালা', 'tala.satkhira.gov.bd'),
(185, 21, 'Kaliganj', 'কালিগঞ্জ', 'kaliganj.satkhira.gov.bd'),
(186, 22, 'Mujibnagar', 'মুজিবনগর', 'mujibnagar.meherpur.gov.bd'),
(187, 22, 'Meherpur Sadar', 'মেহেরপুর সদর', 'meherpursadar.meherpur.gov.bd'),
(188, 22, 'Gangni', 'গাংনী', 'gangni.meherpur.gov.bd'),
(189, 23, 'Narail Sadar', 'নড়াইল সদর', 'narailsadar.narail.gov.bd'),
(190, 23, 'Lohagara', 'লোহাগড়া', 'lohagara.narail.gov.bd'),
(191, 23, 'Kalia', 'কালিয়া', 'kalia.narail.gov.bd'),
(192, 24, 'Chuadanga Sadar', 'চুয়াডাঙ্গা সদর', 'chuadangasadar.chuadanga.gov.bd'),
(193, 24, 'Alamdanga', 'আলমডাঙ্গা', 'alamdanga.chuadanga.gov.bd'),
(194, 24, 'Damurhuda', 'দামুড়হুদা', 'damurhuda.chuadanga.gov.bd'),
(195, 24, 'Jibannagar', 'জীবননগর', 'jibannagar.chuadanga.gov.bd'),
(196, 25, 'Kushtia Sadar', 'কুষ্টিয়া সদর', 'kushtiasadar.kushtia.gov.bd'),
(197, 25, 'Kumarkhali', 'কুমারখালী', 'kumarkhali.kushtia.gov.bd'),
(198, 25, 'Khoksa', 'খোকসা', 'khoksa.kushtia.gov.bd'),
(199, 25, 'Mirpur', 'মিরপুর', 'mirpurkushtia.kushtia.gov.bd'),
(200, 25, 'Daulatpur', 'দৌলতপুর', 'daulatpur.kushtia.gov.bd'),
(201, 25, 'Bheramara', 'ভেড়ামারা', 'bheramara.kushtia.gov.bd'),
(202, 26, 'Shalikha', 'শালিখা', 'shalikha.magura.gov.bd'),
(203, 26, 'Sreepur', 'শ্রীপুর', 'sreepur.magura.gov.bd'),
(204, 26, 'Magura Sadar', 'মাগুরা সদর', 'magurasadar.magura.gov.bd'),
(205, 26, 'Mohammadpur', 'মহম্মদপুর', 'mohammadpur.magura.gov.bd'),
(206, 27, 'Paikgasa', 'পাইকগাছা', 'paikgasa.khulna.gov.bd'),
(207, 27, 'Fultola', 'ফুলতলা', 'fultola.khulna.gov.bd'),
(208, 27, 'Digholia', 'দিঘলিয়া', 'digholia.khulna.gov.bd'),
(209, 27, 'Rupsha', 'রূপসা', 'rupsha.khulna.gov.bd'),
(210, 27, 'Terokhada', 'তেরখাদা', 'terokhada.khulna.gov.bd'),
(211, 27, 'Dumuria', 'ডুমুরিয়া', 'dumuria.khulna.gov.bd'),
(212, 27, 'Botiaghata', 'বটিয়াঘাটা', 'botiaghata.khulna.gov.bd'),
(213, 27, 'Dakop', 'দাকোপ', 'dakop.khulna.gov.bd'),
(214, 27, 'Koyra', 'কয়রা', 'koyra.khulna.gov.bd'),
(215, 28, 'Fakirhat', 'ফকিরহাট', 'fakirhat.bagerhat.gov.bd'),
(216, 28, 'Bagerhat Sadar', 'বাগেরহাট সদর', 'sadar.bagerhat.gov.bd'),
(217, 28, 'Mollahat', 'মোল্লাহাট', 'mollahat.bagerhat.gov.bd'),
(218, 28, 'Sarankhola', 'শরণখোলা', 'sarankhola.bagerhat.gov.bd'),
(219, 28, 'Rampal', 'রামপাল', 'rampal.bagerhat.gov.bd'),
(220, 28, 'Morrelganj', 'মোড়েলগঞ্জ', 'morrelganj.bagerhat.gov.bd'),
(221, 28, 'Kachua', 'কচুয়া', 'kachua.bagerhat.gov.bd'),
(222, 28, 'Mongla', 'মোংলা', 'mongla.bagerhat.gov.bd'),
(223, 28, 'Chitalmari', 'চিতলমারী', 'chitalmari.bagerhat.gov.bd'),
(224, 29, 'Jhenaidah Sadar', 'ঝিনাইদহ সদর', 'sadar.jhenaidah.gov.bd'),
(225, 29, 'Shailkupa', 'শৈলকুপা', 'shailkupa.jhenaidah.gov.bd'),
(226, 29, 'Harinakundu', 'হরিণাকুন্ডু', 'harinakundu.jhenaidah.gov.bd'),
(227, 29, 'Kaliganj', 'কালীগঞ্জ', 'kaliganj.jhenaidah.gov.bd'),
(228, 29, 'Kotchandpur', 'কোটচাঁদপুর', 'kotchandpur.jhenaidah.gov.bd'),
(229, 29, 'Moheshpur', 'মহেশপুর', 'moheshpur.jhenaidah.gov.bd'),
(230, 30, 'Jhalakathi Sadar', 'ঝালকাঠি সদর', 'sadar.jhalakathi.gov.bd'),
(231, 30, 'Kathalia', 'কাঠালিয়া', 'kathalia.jhalakathi.gov.bd'),
(232, 30, 'Nalchity', 'নলছিটি', 'nalchity.jhalakathi.gov.bd'),
(233, 30, 'Rajapur', 'রাজাপুর', 'rajapur.jhalakathi.gov.bd'),
(234, 31, 'Bauphal', 'বাউফল', 'bauphal.patuakhali.gov.bd'),
(235, 31, 'Patuakhali Sadar', 'পটুয়াখালী সদর', 'sadar.patuakhali.gov.bd'),
(236, 31, 'Dumki', 'দুমকি', 'dumki.patuakhali.gov.bd'),
(237, 31, 'Dashmina', 'দশমিনা', 'dashmina.patuakhali.gov.bd'),
(238, 31, 'Kalapara', 'কলাপাড়া', 'kalapara.patuakhali.gov.bd'),
(239, 31, 'Mirzaganj', 'মির্জাগঞ্জ', 'mirzaganj.patuakhali.gov.bd'),
(240, 31, 'Galachipa', 'গলাচিপা', 'galachipa.patuakhali.gov.bd'),
(241, 31, 'Rangabali', 'রাঙ্গাবালী', 'rangabali.patuakhali.gov.bd'),
(242, 32, 'Pirojpur Sadar', 'পিরোজপুর সদর', 'sadar.pirojpur.gov.bd'),
(243, 32, 'Nazirpur', 'নাজিরপুর', 'nazirpur.pirojpur.gov.bd'),
(244, 32, 'Kawkhali', 'কাউখালী', 'kawkhali.pirojpur.gov.bd'),
(245, 32, 'Zianagar', 'জিয়ানগর', 'zianagar.pirojpur.gov.bd'),
(246, 32, 'Bhandaria', 'ভান্ডারিয়া', 'bhandaria.pirojpur.gov.bd'),
(247, 32, 'Mathbaria', 'মঠবাড়ীয়া', 'mathbaria.pirojpur.gov.bd'),
(248, 32, 'Nesarabad', 'নেছারাবাদ', 'nesarabad.pirojpur.gov.bd'),
(249, 33, 'Barisal Sadar', 'বরিশাল সদর', 'barisalsadar.barisal.gov.bd'),
(250, 33, 'Bakerganj', 'বাকেরগঞ্জ', 'bakerganj.barisal.gov.bd'),
(251, 33, 'Babuganj', 'বাবুগঞ্জ', 'babuganj.barisal.gov.bd'),
(252, 33, 'Wazirpur', 'উজিরপুর', 'wazirpur.barisal.gov.bd'),
(253, 33, 'Banaripara', 'বানারীপাড়া', 'banaripara.barisal.gov.bd'),
(254, 33, 'Gournadi', 'গৌরনদী', 'gournadi.barisal.gov.bd'),
(255, 33, 'Agailjhara', 'আগৈলঝাড়া', 'agailjhara.barisal.gov.bd'),
(256, 33, 'Mehendiganj', 'মেহেন্দিগঞ্জ', 'mehendiganj.barisal.gov.bd'),
(257, 33, 'Muladi', 'মুলাদী', 'muladi.barisal.gov.bd'),
(258, 33, 'Hizla', 'হিজলা', 'hizla.barisal.gov.bd'),
(259, 34, 'Bhola Sadar', 'ভোলা সদর', 'sadar.bhola.gov.bd'),
(260, 34, 'Borhan Sddin', 'বোরহান উদ্দিন', 'borhanuddin.bhola.gov.bd'),
(261, 34, 'Charfesson', 'চরফ্যাশন', 'charfesson.bhola.gov.bd'),
(262, 34, 'Doulatkhan', 'দৌলতখান', 'doulatkhan.bhola.gov.bd'),
(263, 34, 'Monpura', 'মনপুরা', 'monpura.bhola.gov.bd'),
(264, 34, 'Tazumuddin', 'তজুমদ্দিন', 'tazumuddin.bhola.gov.bd'),
(265, 34, 'Lalmohan', 'লালমোহন', 'lalmohan.bhola.gov.bd'),
(266, 35, 'Amtali', 'আমতলী', 'amtali.barguna.gov.bd'),
(267, 35, 'Barguna Sadar', 'বরগুনা সদর', 'sadar.barguna.gov.bd'),
(268, 35, 'Betagi', 'বেতাগী', 'betagi.barguna.gov.bd'),
(269, 35, 'Bamna', 'বামনা', 'bamna.barguna.gov.bd'),
(270, 35, 'Pathorghata', 'পাথরঘাটা', 'pathorghata.barguna.gov.bd'),
(271, 35, 'Taltali', 'তালতলি', 'taltali.barguna.gov.bd'),
(272, 36, 'Balaganj', 'বালাগঞ্জ', 'balaganj.sylhet.gov.bd'),
(273, 36, 'Beanibazar', 'বিয়ানীবাজার', 'beanibazar.sylhet.gov.bd'),
(274, 36, 'Bishwanath', 'বিশ্বনাথ', 'bishwanath.sylhet.gov.bd'),
(275, 36, 'Companiganj', 'কোম্পানীগঞ্জ', 'companiganj.sylhet.gov.bd'),
(276, 36, 'Fenchuganj', 'ফেঞ্চুগঞ্জ', 'fenchuganj.sylhet.gov.bd'),
(277, 36, 'Golapganj', 'গোলাপগঞ্জ', 'golapganj.sylhet.gov.bd'),
(278, 36, 'Gowainghat', 'গোয়াইনঘাট', 'gowainghat.sylhet.gov.bd'),
(279, 36, 'Jaintiapur', 'জৈন্তাপুর', 'jaintiapur.sylhet.gov.bd'),
(280, 36, 'Kanaighat', 'কানাইঘাট', 'kanaighat.sylhet.gov.bd'),
(281, 36, 'Sylhet Sadar', 'সিলেট সদর', 'sylhetsadar.sylhet.gov.bd'),
(282, 36, 'Zakiganj', 'জকিগঞ্জ', 'zakiganj.sylhet.gov.bd'),
(283, 36, 'Dakshinsurma', 'দক্ষিণ সুরমা', 'dakshinsurma.sylhet.gov.bd'),
(284, 36, 'Osmaninagar', 'ওসমানী নগর', 'osmaninagar.sylhet.gov.bd'),
(285, 37, 'Barlekha', 'বড়লেখা', 'barlekha.moulvibazar.gov.bd'),
(286, 37, 'Kamolganj', 'কমলগঞ্জ', 'kamolganj.moulvibazar.gov.bd'),
(287, 37, 'Kulaura', 'কুলাউড়া', 'kulaura.moulvibazar.gov.bd'),
(288, 37, 'Moulvibazar Sadar', 'মৌলভীবাজার সদর', 'moulvibazarsadar.moulvibazar.gov.bd'),
(289, 37, 'Rajnagar', 'রাজনগর', 'rajnagar.moulvibazar.gov.bd'),
(290, 37, 'Sreemangal', 'শ্রীমঙ্গল', 'sreemangal.moulvibazar.gov.bd'),
(291, 37, 'Juri', 'জুড়ী', 'juri.moulvibazar.gov.bd'),
(292, 38, 'Nabiganj', 'নবীগঞ্জ', 'nabiganj.habiganj.gov.bd'),
(293, 38, 'Bahubal', 'বাহুবল', 'bahubal.habiganj.gov.bd'),
(294, 38, 'Ajmiriganj', 'আজমিরীগঞ্জ', 'ajmiriganj.habiganj.gov.bd'),
(295, 38, 'Baniachong', 'বানিয়াচং', 'baniachong.habiganj.gov.bd'),
(296, 38, 'Lakhai', 'লাখাই', 'lakhai.habiganj.gov.bd'),
(297, 38, 'Chunarughat', 'চুনারুঘাট', 'chunarughat.habiganj.gov.bd'),
(298, 38, 'Habiganj Sadar', 'হবিগঞ্জ সদর', 'habiganjsadar.habiganj.gov.bd'),
(299, 38, 'Madhabpur', 'মাধবপুর', 'madhabpur.habiganj.gov.bd'),
(300, 39, 'Sunamganj Sadar', 'সুনামগঞ্জ সদর', 'sadar.sunamganj.gov.bd'),
(301, 39, 'South Sunamganj', 'দক্ষিণ সুনামগঞ্জ', 'southsunamganj.sunamganj.gov.bd'),
(302, 39, 'Bishwambarpur', 'বিশ্বম্ভরপুর', 'bishwambarpur.sunamganj.gov.bd'),
(303, 39, 'Chhatak', 'ছাতক', 'chhatak.sunamganj.gov.bd'),
(304, 39, 'Jagannathpur', 'জগন্নাথপুর', 'jagannathpur.sunamganj.gov.bd'),
(305, 39, 'Dowarabazar', 'দোয়ারাবাজার', 'dowarabazar.sunamganj.gov.bd'),
(306, 39, 'Tahirpur', 'তাহিরপুর', 'tahirpur.sunamganj.gov.bd'),
(307, 39, 'Dharmapasha', 'ধর্মপাশা', 'dharmapasha.sunamganj.gov.bd'),
(308, 39, 'Jamalganj', 'জামালগঞ্জ', 'jamalganj.sunamganj.gov.bd'),
(309, 39, 'Shalla', 'শাল্লা', 'shalla.sunamganj.gov.bd'),
(310, 39, 'Derai', 'দিরাই', 'derai.sunamganj.gov.bd'),
(311, 40, 'Belabo', 'বেলাবো', 'belabo.narsingdi.gov.bd'),
(312, 40, 'Monohardi', 'মনোহরদী', 'monohardi.narsingdi.gov.bd'),
(313, 40, 'Narsingdi Sadar', 'নরসিংদী সদর', 'narsingdisadar.narsingdi.gov.bd'),
(314, 40, 'Palash', 'পলাশ', 'palash.narsingdi.gov.bd'),
(315, 40, 'Raipura', 'রায়পুরা', 'raipura.narsingdi.gov.bd'),
(316, 40, 'Shibpur', 'শিবপুর', 'shibpur.narsingdi.gov.bd'),
(317, 41, 'Kaliganj', 'কালীগঞ্জ', 'kaliganj.gazipur.gov.bd'),
(318, 41, 'Kaliakair', 'কালিয়াকৈর', 'kaliakair.gazipur.gov.bd'),
(319, 41, 'Kapasia', 'কাপাসিয়া', 'kapasia.gazipur.gov.bd'),
(320, 41, 'Gazipur Sadar', 'গাজীপুর সদর', 'sadar.gazipur.gov.bd'),
(321, 41, 'Sreepur', 'শ্রীপুর', 'sreepur.gazipur.gov.bd'),
(322, 42, 'Shariatpur Sadar', 'শরিয়তপুর সদর', 'sadar.shariatpur.gov.bd'),
(323, 42, 'Naria', 'নড়িয়া', 'naria.shariatpur.gov.bd'),
(324, 42, 'Zajira', 'জাজিরা', 'zajira.shariatpur.gov.bd'),
(325, 42, 'Gosairhat', 'গোসাইরহাট', 'gosairhat.shariatpur.gov.bd'),
(326, 42, 'Bhedarganj', 'ভেদরগঞ্জ', 'bhedarganj.shariatpur.gov.bd'),
(327, 42, 'Damudya', 'ডামুড্যা', 'damudya.shariatpur.gov.bd'),
(328, 43, 'Araihazar', 'আড়াইহাজার', 'araihazar.narayanganj.gov.bd'),
(329, 43, 'Bandar', 'বন্দর', 'bandar.narayanganj.gov.bd'),
(330, 43, 'Narayanganj Sadar', 'নারায়নগঞ্জ সদর', 'narayanganjsadar.narayanganj.gov.bd'),
(331, 43, 'Rupganj', 'রূপগঞ্জ', 'rupganj.narayanganj.gov.bd'),
(332, 43, 'Sonargaon', 'সোনারগাঁ', 'sonargaon.narayanganj.gov.bd'),
(333, 44, 'Basail', 'বাসাইল', 'basail.tangail.gov.bd'),
(334, 44, 'Bhuapur', 'ভুয়াপুর', 'bhuapur.tangail.gov.bd'),
(335, 44, 'Delduar', 'দেলদুয়ার', 'delduar.tangail.gov.bd'),
(336, 44, 'Ghatail', 'ঘাটাইল', 'ghatail.tangail.gov.bd'),
(337, 44, 'Gopalpur', 'গোপালপুর', 'gopalpur.tangail.gov.bd'),
(338, 44, 'Madhupur', 'মধুপুর', 'madhupur.tangail.gov.bd'),
(339, 44, 'Mirzapur', 'মির্জাপুর', 'mirzapur.tangail.gov.bd'),
(340, 44, 'Nagarpur', 'নাগরপুর', 'nagarpur.tangail.gov.bd'),
(341, 44, 'Sakhipur', 'সখিপুর', 'sakhipur.tangail.gov.bd'),
(342, 44, 'Tangail Sadar', 'টাঙ্গাইল সদর', 'tangailsadar.tangail.gov.bd'),
(343, 44, 'Kalihati', 'কালিহাতী', 'kalihati.tangail.gov.bd'),
(344, 44, 'Dhanbari', 'ধনবাড়ী', 'dhanbari.tangail.gov.bd'),
(345, 45, 'Itna', 'ইটনা', 'itna.kishoreganj.gov.bd'),
(346, 45, 'Katiadi', 'কটিয়াদী', 'katiadi.kishoreganj.gov.bd'),
(347, 45, 'Bhairab', 'ভৈরব', 'bhairab.kishoreganj.gov.bd'),
(348, 45, 'Tarail', 'তাড়াইল', 'tarail.kishoreganj.gov.bd'),
(349, 45, 'Hossainpur', 'হোসেনপুর', 'hossainpur.kishoreganj.gov.bd'),
(350, 45, 'Pakundia', 'পাকুন্দিয়া', 'pakundia.kishoreganj.gov.bd'),
(351, 45, 'Kuliarchar', 'কুলিয়ারচর', 'kuliarchar.kishoreganj.gov.bd'),
(352, 45, 'Kishoreganj Sadar', 'কিশোরগঞ্জ সদর', 'kishoreganjsadar.kishoreganj.gov.bd'),
(353, 45, 'Karimgonj', 'করিমগঞ্জ', 'karimgonj.kishoreganj.gov.bd'),
(354, 45, 'Bajitpur', 'বাজিতপুর', 'bajitpur.kishoreganj.gov.bd'),
(355, 45, 'Austagram', 'অষ্টগ্রাম', 'austagram.kishoreganj.gov.bd'),
(356, 45, 'Mithamoin', 'মিঠামইন', 'mithamoin.kishoreganj.gov.bd'),
(357, 45, 'Nikli', 'নিকলী', 'nikli.kishoreganj.gov.bd'),
(358, 46, 'Harirampur', 'হরিরামপুর', 'harirampur.manikganj.gov.bd'),
(359, 46, 'Saturia', 'সাটুরিয়া', 'saturia.manikganj.gov.bd'),
(360, 46, 'Manikganj Sadar', 'মানিকগঞ্জ সদর', 'sadar.manikganj.gov.bd'),
(361, 46, 'Gior', 'ঘিওর', 'gior.manikganj.gov.bd'),
(362, 46, 'Shibaloy', 'শিবালয়', 'shibaloy.manikganj.gov.bd'),
(363, 46, 'Doulatpur', 'দৌলতপুর', 'doulatpur.manikganj.gov.bd'),
(364, 46, 'Singiar', 'সিংগাইর', 'singiar.manikganj.gov.bd'),
(365, 47, 'Savar', 'সাভার', 'savar.dhaka.gov.bd'),
(366, 47, 'Dhamrai', 'ধামরাই', 'dhamrai.dhaka.gov.bd'),
(367, 47, 'Keraniganj', 'কেরাণীগঞ্জ', 'keraniganj.dhaka.gov.bd'),
(368, 47, 'Nawabganj', 'নবাবগঞ্জ', 'nawabganj.dhaka.gov.bd'),
(369, 47, 'Dohar', 'দোহার', 'dohar.dhaka.gov.bd'),
(370, 48, 'Munshiganj Sadar', 'মুন্সিগঞ্জ সদর', 'sadar.munshiganj.gov.bd'),
(371, 48, 'Sreenagar', 'শ্রীনগর', 'sreenagar.munshiganj.gov.bd'),
(372, 48, 'Sirajdikhan', 'সিরাজদিখান', 'sirajdikhan.munshiganj.gov.bd'),
(373, 48, 'Louhajanj', 'লৌহজং', 'louhajanj.munshiganj.gov.bd'),
(374, 48, 'Gajaria', 'গজারিয়া', 'gajaria.munshiganj.gov.bd'),
(375, 48, 'Tongibari', 'টংগীবাড়ি', 'tongibari.munshiganj.gov.bd'),
(376, 49, 'Rajbari Sadar', 'রাজবাড়ী সদর', 'sadar.rajbari.gov.bd'),
(377, 49, 'Goalanda', 'গোয়ালন্দ', 'goalanda.rajbari.gov.bd'),
(378, 49, 'Pangsa', 'পাংশা', 'pangsa.rajbari.gov.bd'),
(379, 49, 'Baliakandi', 'বালিয়াকান্দি', 'baliakandi.rajbari.gov.bd'),
(380, 49, 'Kalukhali', 'কালুখালী', 'kalukhali.rajbari.gov.bd'),
(381, 50, 'Madaripur Sadar', 'মাদারীপুর সদর', 'sadar.madaripur.gov.bd'),
(382, 50, 'Shibchar', 'শিবচর', 'shibchar.madaripur.gov.bd'),
(383, 50, 'Kalkini', 'কালকিনি', 'kalkini.madaripur.gov.bd'),
(384, 50, 'Rajoir', 'রাজৈর', 'rajoir.madaripur.gov.bd'),
(385, 51, 'Gopalganj Sadar', 'গোপালগঞ্জ সদর', 'sadar.gopalganj.gov.bd'),
(386, 51, 'Kashiani', 'কাশিয়ানী', 'kashiani.gopalganj.gov.bd'),
(387, 51, 'Tungipara', 'টুংগীপাড়া', 'tungipara.gopalganj.gov.bd'),
(388, 51, 'Kotalipara', 'কোটালীপাড়া', 'kotalipara.gopalganj.gov.bd'),
(389, 51, 'Muksudpur', 'মুকসুদপুর', 'muksudpur.gopalganj.gov.bd'),
(390, 52, 'Faridpur Sadar', 'ফরিদপুর সদর', 'sadar.faridpur.gov.bd'),
(391, 52, 'Alfadanga', 'আলফাডাঙ্গা', 'alfadanga.faridpur.gov.bd'),
(392, 52, 'Boalmari', 'বোয়ালমারী', 'boalmari.faridpur.gov.bd'),
(393, 52, 'Sadarpur', 'সদরপুর', 'sadarpur.faridpur.gov.bd'),
(394, 52, 'Nagarkanda', 'নগরকান্দা', 'nagarkanda.faridpur.gov.bd'),
(395, 52, 'Bhanga', 'ভাঙ্গা', 'bhanga.faridpur.gov.bd'),
(396, 52, 'Charbhadrasan', 'চরভদ্রাসন', 'charbhadrasan.faridpur.gov.bd'),
(397, 52, 'Madhukhali', 'মধুখালী', 'madhukhali.faridpur.gov.bd'),
(398, 52, 'Saltha', 'সালথা', 'saltha.faridpur.gov.bd'),
(399, 53, 'Panchagarh Sadar', 'পঞ্চগড় সদর', 'panchagarhsadar.panchagarh.gov.bd'),
(400, 53, 'Debiganj', 'দেবীগঞ্জ', 'debiganj.panchagarh.gov.bd'),
(401, 53, 'Boda', 'বোদা', 'boda.panchagarh.gov.bd'),
(402, 53, 'Atwari', 'আটোয়ারী', 'atwari.panchagarh.gov.bd'),
(403, 53, 'Tetulia', 'তেতুলিয়া', 'tetulia.panchagarh.gov.bd'),
(404, 54, 'Nawabganj', 'নবাবগঞ্জ', 'nawabganj.dinajpur.gov.bd'),
(405, 54, 'Birganj', 'বীরগঞ্জ', 'birganj.dinajpur.gov.bd'),
(406, 54, 'Ghoraghat', 'ঘোড়াঘাট', 'ghoraghat.dinajpur.gov.bd'),
(407, 54, 'Birampur', 'বিরামপুর', 'birampur.dinajpur.gov.bd'),
(408, 54, 'Parbatipur', 'পার্বতীপুর', 'parbatipur.dinajpur.gov.bd'),
(409, 54, 'Bochaganj', 'বোচাগঞ্জ', 'bochaganj.dinajpur.gov.bd'),
(410, 54, 'Kaharol', 'কাহারোল', 'kaharol.dinajpur.gov.bd'),
(411, 54, 'Fulbari', 'ফুলবাড়ী', 'fulbari.dinajpur.gov.bd'),
(412, 54, 'Dinajpur Sadar', 'দিনাজপুর সদর', 'dinajpursadar.dinajpur.gov.bd'),
(413, 54, 'Hakimpur', 'হাকিমপুর', 'hakimpur.dinajpur.gov.bd'),
(414, 54, 'Khansama', 'খানসামা', 'khansama.dinajpur.gov.bd'),
(415, 54, 'Birol', 'বিরল', 'birol.dinajpur.gov.bd'),
(416, 54, 'Chirirbandar', 'চিরিরবন্দর', 'chirirbandar.dinajpur.gov.bd'),
(417, 55, 'Lalmonirhat Sadar', 'লালমনিরহাট সদর', 'sadar.lalmonirhat.gov.bd'),
(418, 55, 'Kaliganj', 'কালীগঞ্জ', 'kaliganj.lalmonirhat.gov.bd'),
(419, 55, 'Hatibandha', 'হাতীবান্ধা', 'hatibandha.lalmonirhat.gov.bd'),
(420, 55, 'Patgram', 'পাটগ্রাম', 'patgram.lalmonirhat.gov.bd'),
(421, 55, 'Aditmari', 'আদিতমারী', 'aditmari.lalmonirhat.gov.bd'),
(422, 56, 'Syedpur', 'সৈয়দপুর', 'syedpur.nilphamari.gov.bd'),
(423, 56, 'Domar', 'ডোমার', 'domar.nilphamari.gov.bd'),
(424, 56, 'Dimla', 'ডিমলা', 'dimla.nilphamari.gov.bd'),
(425, 56, 'Jaldhaka', 'জলঢাকা', 'jaldhaka.nilphamari.gov.bd'),
(426, 56, 'Kishorganj', 'কিশোরগঞ্জ', 'kishorganj.nilphamari.gov.bd'),
(427, 56, 'Nilphamari Sadar', 'নীলফামারী সদর', 'nilphamarisadar.nilphamari.gov.bd'),
(428, 57, 'Sadullapur', 'সাদুল্লাপুর', 'sadullapur.gaibandha.gov.bd'),
(429, 57, 'Gaibandha Sadar', 'গাইবান্ধা সদর', 'gaibandhasadar.gaibandha.gov.bd'),
(430, 57, 'Palashbari', 'পলাশবাড়ী', 'palashbari.gaibandha.gov.bd'),
(431, 57, 'Saghata', 'সাঘাটা', 'saghata.gaibandha.gov.bd'),
(432, 57, 'Gobindaganj', 'গোবিন্দগঞ্জ', 'gobindaganj.gaibandha.gov.bd'),
(433, 57, 'Sundarganj', 'সুন্দরগঞ্জ', 'sundarganj.gaibandha.gov.bd'),
(434, 57, 'Phulchari', 'ফুলছড়ি', 'phulchari.gaibandha.gov.bd'),
(435, 58, 'Thakurgaon Sadar', 'ঠাকুরগাঁও সদর', 'thakurgaonsadar.thakurgaon.gov.bd'),
(436, 58, 'Pirganj', 'পীরগঞ্জ', 'pirganj.thakurgaon.gov.bd'),
(437, 58, 'Ranisankail', 'রাণীশংকৈল', 'ranisankail.thakurgaon.gov.bd'),
(438, 58, 'Haripur', 'হরিপুর', 'haripur.thakurgaon.gov.bd'),
(439, 58, 'Baliadangi', 'বালিয়াডাঙ্গী', 'baliadangi.thakurgaon.gov.bd'),
(440, 59, 'Rangpur Sadar', 'রংপুর সদর', 'rangpursadar.rangpur.gov.bd'),
(441, 59, 'Gangachara', 'গংগাচড়া', 'gangachara.rangpur.gov.bd'),
(442, 59, 'Taragonj', 'তারাগঞ্জ', 'taragonj.rangpur.gov.bd'),
(443, 59, 'Badargonj', 'বদরগঞ্জ', 'badargonj.rangpur.gov.bd'),
(444, 59, 'Mithapukur', 'মিঠাপুকুর', 'mithapukur.rangpur.gov.bd'),
(445, 59, 'Pirgonj', 'পীরগঞ্জ', 'pirgonj.rangpur.gov.bd'),
(446, 59, 'Kaunia', 'কাউনিয়া', 'kaunia.rangpur.gov.bd'),
(447, 59, 'Pirgacha', 'পীরগাছা', 'pirgacha.rangpur.gov.bd'),
(448, 60, 'Kurigram Sadar', 'কুড়িগ্রাম সদর', 'kurigramsadar.kurigram.gov.bd'),
(449, 60, 'Nageshwari', 'নাগেশ্বরী', 'nageshwari.kurigram.gov.bd'),
(450, 60, 'Bhurungamari', 'ভুরুঙ্গামারী', 'bhurungamari.kurigram.gov.bd'),
(451, 60, 'Phulbari', 'ফুলবাড়ী', 'phulbari.kurigram.gov.bd'),
(452, 60, 'Rajarhat', 'রাজারহাট', 'rajarhat.kurigram.gov.bd'),
(453, 60, 'Ulipur', 'উলিপুর', 'ulipur.kurigram.gov.bd'),
(454, 60, 'Chilmari', 'চিলমারী', 'chilmari.kurigram.gov.bd'),
(455, 60, 'Rowmari', 'রৌমারী', 'rowmari.kurigram.gov.bd'),
(456, 60, 'Charrajibpur', 'চর রাজিবপুর', 'charrajibpur.kurigram.gov.bd'),
(457, 61, 'Sherpur Sadar', 'শেরপুর সদর', 'sherpursadar.sherpur.gov.bd'),
(458, 61, 'Nalitabari', 'নালিতাবাড়ী', 'nalitabari.sherpur.gov.bd'),
(459, 61, 'Sreebordi', 'শ্রীবরদী', 'sreebordi.sherpur.gov.bd'),
(460, 61, 'Nokla', 'নকলা', 'nokla.sherpur.gov.bd'),
(461, 61, 'Jhenaigati', 'ঝিনাইগাতী', 'jhenaigati.sherpur.gov.bd'),
(462, 62, 'Fulbaria', 'ফুলবাড়ীয়া', 'fulbaria.mymensingh.gov.bd'),
(463, 62, 'Trishal', 'ত্রিশাল', 'trishal.mymensingh.gov.bd'),
(464, 62, 'Bhaluka', 'ভালুকা', 'bhaluka.mymensingh.gov.bd'),
(465, 62, 'Muktagacha', 'মুক্তাগাছা', 'muktagacha.mymensingh.gov.bd'),
(466, 62, 'Mymensingh Sadar', 'ময়মনসিংহ সদর', 'mymensinghsadar.mymensingh.gov.bd'),
(467, 62, 'Dhobaura', 'ধোবাউড়া', 'dhobaura.mymensingh.gov.bd'),
(468, 62, 'Phulpur', 'ফুলপুর', 'phulpur.mymensingh.gov.bd'),
(469, 62, 'Haluaghat', 'হালুয়াঘাট', 'haluaghat.mymensingh.gov.bd'),
(470, 62, 'Gouripur', 'গৌরীপুর', 'gouripur.mymensingh.gov.bd'),
(471, 62, 'Gafargaon', 'গফরগাঁও', 'gafargaon.mymensingh.gov.bd'),
(472, 62, 'Iswarganj', 'ঈশ্বরগঞ্জ', 'iswarganj.mymensingh.gov.bd'),
(473, 62, 'Nandail', 'নান্দাইল', 'nandail.mymensingh.gov.bd'),
(474, 62, 'Tarakanda', 'তারাকান্দা', 'tarakanda.mymensingh.gov.bd'),
(475, 63, 'Jamalpur Sadar', 'জামালপুর সদর', 'jamalpursadar.jamalpur.gov.bd'),
(476, 63, 'Melandah', 'মেলান্দহ', 'melandah.jamalpur.gov.bd'),
(477, 63, 'Islampur', 'ইসলামপুর', 'islampur.jamalpur.gov.bd'),
(478, 63, 'Dewangonj', 'দেওয়ানগঞ্জ', 'dewangonj.jamalpur.gov.bd'),
(479, 63, 'Sarishabari', 'সরিষাবাড়ী', 'sarishabari.jamalpur.gov.bd'),
(480, 63, 'Madarganj', 'মাদারগঞ্জ', 'madarganj.jamalpur.gov.bd'),
(481, 63, 'Bokshiganj', 'বকশীগঞ্জ', 'bokshiganj.jamalpur.gov.bd'),
(482, 64, 'Barhatta', 'বারহাট্টা', 'barhatta.netrokona.gov.bd'),
(483, 64, 'Durgapur', 'দুর্গাপুর', 'durgapur.netrokona.gov.bd'),
(484, 64, 'Kendua', 'কেন্দুয়া', 'kendua.netrokona.gov.bd'),
(485, 64, 'Atpara', 'আটপাড়া', 'atpara.netrokona.gov.bd'),
(486, 64, 'Madan', 'মদন', 'madan.netrokona.gov.bd'),
(487, 64, 'Khaliajuri', 'খালিয়াজুরী', 'khaliajuri.netrokona.gov.bd'),
(488, 64, 'Kalmakanda', 'কলমাকান্দা', 'kalmakanda.netrokona.gov.bd'),
(489, 64, 'Mohongonj', 'মোহনগঞ্জ', 'mohongonj.netrokona.gov.bd'),
(490, 64, 'Purbadhala', 'পূর্বধলা', 'purbadhala.netrokona.gov.bd'),
(491, 64, 'Netrokona Sadar', 'নেত্রকোণা সদর', 'netrokonasadar.netrokona.gov.bd');

-- --------------------------------------------------------

--
-- Table structure for table `users`
--

CREATE TABLE `users` (
  `id` bigint(20) UNSIGNED NOT NULL,
  `name` varchar(255) COLLATE utf8mb4_unicode_ci NOT NULL,
  `email` varchar(255) COLLATE utf8mb4_unicode_ci NOT NULL,
  `user_img` varchar(250) COLLATE utf8mb4_unicode_ci DEFAULT NULL,
  `email_verified_at` timestamp NULL DEFAULT NULL,
  `password` varchar(255) COLLATE utf8mb4_unicode_ci NOT NULL,
  `remember_token` varchar(100) COLLATE utf8mb4_unicode_ci DEFAULT NULL,
  `created_at` timestamp NULL DEFAULT NULL,
  `updated_at` timestamp NULL DEFAULT NULL
) ENGINE=InnoDB DEFAULT CHARSET=utf8mb4 COLLATE=utf8mb4_unicode_ci;

--
-- Dumping data for table `users`
--

INSERT INTO `users` (`id`, `name`, `email`, `user_img`, `email_verified_at`, `password`, `remember_token`, `created_at`, `updated_at`) VALUES
(7, 'John Cena', 'wyzagi@mailinator.com', NULL, NULL, '$2y$10$ZbAWQJ13SPl5xHIJUk1/yOLn/I8sfyetLacJ672slG/mUDJy7fIWK', NULL, '2022-04-11 22:55:33', '2022-08-04 11:08:24'),
(8, 'Xenos Leblanc', 'jigyvu@mailinator.com', NULL, NULL, '$2y$10$VjU8f2jmWCAHw0wm/sKebOLy/41tSjU7d9wzV.Y8ZMIGPb.QTTEPW', NULL, '2022-04-11 22:55:38', '2022-04-11 22:55:38'),
(9, 'Gage Fry', 'muzehumi@mailinator.com', NULL, NULL, '$2y$10$65JCteedg.6oN3ZXGWue.Ob8kY9mgsX4FJ9vAM6aPxmjHd/Z6Lvdm', NULL, '2022-04-13 08:22:22', '2022-04-13 08:22:22'),
(10, 'Nathan Wells', 'puxa@mailinator.com', NULL, NULL, '$2y$10$9KWdqWHsZMkpKsk3788cpetxbLmApvY2Dtd/uchF2bicWIE.mkORm', NULL, '2022-04-14 00:54:00', '2022-04-14 00:54:00'),
(11, 'limon', 'tehe@mailinator.com', NULL, NULL, '$2y$10$S5tpavUtbgi8VmiyFjefK.7CcKdknopYBVB7tUfcJa1ITM0wvbmzC', NULL, '2022-04-14 06:33:53', '2022-04-14 06:33:53'),
(12, 'Patience Miles', 'damonumuto@mailinator.com', NULL, NULL, '$2y$10$umH0WVQaXSZSNV3xdYNn4.KLE1bhNOVl1djHsP/uZJMluDT8QyD9G', NULL, '2022-04-14 07:46:32', '2022-04-14 07:46:32'),
(13, 'Callie Austin', 'lagyf@mailinator.com', NULL, NULL, '$2y$10$QQ9rL8udpjqqAZxhlMoTmOpZTRHZ8TwK4UtBMX3CLJXbYm1o2ws7C', NULL, '2022-04-15 02:34:36', '2022-04-15 02:34:36'),
(14, 'Wang Merrill', 'byluzuqyna@mailinator.com', NULL, NULL, '$2y$10$xYS2pWfg7VpQutN.QwXCkuYWY6Sh8Pd0E8UnuO/9A9gxefkEqn07S', NULL, '2022-04-15 11:21:54', '2022-04-15 11:21:54'),
(15, 'Pamela Solomon', 'junuhykem@mailinator.com', NULL, NULL, '$2y$10$/q7IZ29jzjQFQCeLc5LKv.nqhZfCdNje4rXkch35lRTvdUURHOKWm', NULL, '2022-04-18 01:22:20', '2022-04-18 01:22:20'),
(16, 'Charissa Lucas', 'xitoq@mailinator.com', NULL, NULL, '$2y$10$FGqzzlqGOhA1ztvoZiss4uyZCpHS8YtoopSZzdAXltlUxRb4PbIue', NULL, '2022-04-18 05:43:13', '2022-04-18 05:43:13'),
(17, 'Julie Gallagher', 'fadyfe@mailinator.com', NULL, NULL, '$2y$10$SW10Ykd969n0wpX.Kyb.r.bl6.YV10uwr9tkSz7.6hhrkP1yGPnw6', NULL, '2022-04-19 03:09:33', '2022-04-19 03:09:33'),
(18, 'Yuli Hendricks', 'dipoziv@mailinator.com', NULL, NULL, '$2y$10$wfZLOFafHNyNQ5fIRLGG8.la1L76//KkRMWW7xcGMrTppNRO8HTUq', NULL, '2022-04-19 08:33:13', '2022-04-19 08:33:13'),
(19, 'Oleg Cox', 'vexy@mailinator.com', NULL, NULL, '$2y$10$ITcc9ncYG/qrwS4I7UprIuW0CPe9RBnZNy6NvIawDRLwztzq2z9z2', NULL, '2022-04-20 03:22:57', '2022-04-20 03:22:57'),
(20, 'Xyla Booth', 'wenefygim@mailinator.com', NULL, NULL, '$2y$10$8wNr8GBoT.wArGLJCS5cKe1/GIg3RGC853WjUqzfaGkyo2u8ASiR.', NULL, '2022-04-20 08:05:04', '2022-04-20 08:05:04'),
(21, 'Ray Henderson', 'cito@mailinator.com', NULL, NULL, '$2y$10$9gvG.tMjljrycEsaCyLTDOH6c8lnXJhMPUA.40kRRkakt.rYi0Dli', NULL, '2022-04-21 02:10:58', '2022-04-21 02:10:58'),
(22, 'Brennan Bender', 'xynuvepesy@mailinator.com', NULL, NULL, '$2y$10$HuGRTqhaRN4ysABYLOk.4O/Ia4EwhoxFGfX6RGQTWAr8B9WdhlIXy', NULL, '2022-04-21 10:07:05', '2022-04-21 10:07:05'),
(23, 'Anne Rivera', 'nedihuhy@mailinator.com', NULL, NULL, '$2y$10$gZOW47TLGBQDfa83PKbZgeC/4jBxL8z8kT6u4qqlLgJSv4.kO5e9G', NULL, '2022-04-22 10:22:39', '2022-04-22 10:22:39'),
(24, 'Britanni Carrillo', 'wejajyf@mailinator.com', NULL, NULL, '$2y$10$8qKW97ybCvbBgbF.lJig/..ZwGQ5aLnbTS.sDpKMIbkbiTUismnju', NULL, '2022-04-26 03:29:54', '2022-04-26 03:29:54'),
(25, 'Talon Lynn', 'xicu@mailinator.com', NULL, NULL, '$2y$10$iqTmxjaqDSntvGkL4cKc6umZ2mOYj9TN4eBejjuqgI8ydwXY6VkHK', NULL, '2022-04-28 01:53:23', '2022-04-28 01:53:23'),
(26, 'Sybill Davis', 'zutizi@mailinator.com', NULL, NULL, '$2y$10$V5yI/sEhEp/NtRPPCcstCuMVCMCGXSgLJhZQvyTjgM4p/nAbbbnkC', NULL, '2022-04-28 07:38:33', '2022-04-28 07:38:33'),
(27, 'Beatrice Hodge', 'nadukury@mailinator.com', NULL, NULL, '$2y$10$cwNSJPo..oAc1XP89iqoEeJYQ8UmK6OnVGISf6C8ymXp11kuNfL4e', NULL, '2022-04-29 09:13:44', '2022-04-29 09:13:44'),
(28, 'Abra Harding', 'mazydepony@mailinator.com', NULL, NULL, '$2y$10$htm.KKv5Q2frfe4b8NmULOj9pdBr4ji2V8WDl9S3/s8c1m4OBmCw2', NULL, '2022-04-30 06:07:21', '2022-04-30 06:07:21'),
(29, 'Gavin Hardy', 'kyfolejijy@mailinator.com', NULL, NULL, '$2y$10$CirBMgBll8eaJLlIPTIHiuPWG9HpeHU9czmRi.NO5HKBMWGTRq7Gu', NULL, '2022-04-30 08:32:51', '2022-04-30 08:32:51'),
(30, 'Amber Fitzgerald', 'nalutiqa@mailinator.com', NULL, NULL, '$2y$10$69/mzWN1lm4SvmaQtrvr4.mi41.FwH9lIRe6l59CaBr1UJfWVNJsO', NULL, '2022-04-30 10:52:59', '2022-04-30 10:52:59'),
(31, 'Jena Schroeder', 'tabijybyj@mailinator.com', NULL, NULL, '$2y$10$FOi0jieYbh7VV3/CtakBFuaqT/aQxNs2IQ8NnFOAXUjSAsXs.VxEm', NULL, '2022-04-30 12:51:57', '2022-04-30 12:51:57'),
(32, 'Mahi Alam', 'mahialam121@gmail.com', NULL, NULL, '$2y$10$J2FygE//WRP.S1f1yxG15e.6Q6xmIjiUoDkvAfSh2H3fpJsMSp8AS', NULL, '2022-05-02 02:18:21', '2022-05-02 02:18:21'),
(33, 'Dolan Mcneil', 'vujuno@mailinator.com', NULL, NULL, '$2y$10$D6m9RF3SE0V.wsklbboyIu80pLnviLLFpiC3o4VgG0lud7ZfRYhlK', NULL, '2022-05-23 09:55:06', '2022-05-23 09:55:06'),
(34, 'Daquan King', 'wuni@mailinator.com', NULL, NULL, '$2y$10$XNd/3xyF3h4E.7g20IbJMO58fbNwZjRLDAAHZJfZckMeazlo5jCcm', NULL, '2022-05-24 11:17:45', '2022-05-24 11:17:45'),
(35, 'Tarik Terry', 'munaxojipo@mailinator.com', NULL, NULL, '$2y$10$T5WxAbUjqpF5f7L27c.Lg.x6JaAY6py.0WSGXrvoUw43HUKqQPkNy', NULL, '2022-05-25 23:24:40', '2022-05-25 23:24:40'),
(36, 'Victoria Leblanc', 'roqobicybo@mailinator.com', NULL, NULL, '$2y$10$7hKLzhOUTL7uTL2ouxuuYux2V86KBtekeXdCR6sdN1VCjXa8rNcJ2', NULL, '2022-05-26 02:15:01', '2022-05-26 02:15:01'),
(37, 'Miranda Webb', 'harapypo@mailinator.com', NULL, NULL, '$2y$10$kjwC8EduQB9GBUt/exUzu.RZopsjJSM9l2ESL..QL7S/wUijsUdh6', NULL, '2022-05-27 11:58:42', '2022-05-27 11:58:42'),
(38, 'Tanner Stevenson', 'cygexy@mailinator.com', NULL, NULL, '$2y$10$TOewLmHsRctOjyvMuGwP/eMlraxukY7kd4Q5PK2301lzErXQbpXTe', NULL, '2022-05-29 10:04:53', '2022-05-29 10:04:53'),
(39, 'Emma Nicholson', 'qyqohax@mailinator.com', NULL, NULL, '$2y$10$ggvhXdpBBcjumyaeBwrrIOyY7nvMQ2WrWH/He0TRuQqk12l49rWc6', NULL, '2022-05-30 12:29:22', '2022-05-30 12:29:22'),
(40, 'Pascale Flynn', 'sykulot@mailinator.com', NULL, NULL, '$2y$10$IuykDs70Dhmdo.VcI5ZeouY8BKmZ26KivdrXCI/0G8UQHSRhEUM5m', NULL, '2022-05-30 23:17:22', '2022-05-30 23:17:22'),
(41, 'Malcolm Black', 'pato@mailinator.com', NULL, NULL, '$2y$10$at23HplR6PGmYBJfqPDvyufL4zR.K.BvjUTng/EYtpcalGU7JQKfm', NULL, '2022-06-07 09:21:08', '2022-06-07 09:21:08'),
(42, 'Oren Everett', 'hironi@mailinator.com', NULL, NULL, '$2y$10$GlXdikrkd78bdOkeD27XeeLOQRVtQRI4G2kIsxkgbZ8CCjj5ynReO', NULL, '2022-06-08 10:58:56', '2022-06-08 10:58:56'),
(43, 'Jacob Thornton', 'reneby@mailinator.com', NULL, NULL, '$2y$10$az5KCSUOMMYLB5gefqaRs.BQaKPsiL9U0gTnFSV4VKeCCWTovMjAy', NULL, '2022-06-12 10:12:20', '2022-06-12 10:12:20'),
(44, 'Jaden Lott', 'dalycep@mailinator.com', NULL, NULL, '$2y$10$SqAWoD/bLZFlsKCkl0fjo.JQeJaTMunMooiXQEx3tIuQWMBut4ESu', NULL, '2022-06-13 04:34:21', '2022-06-13 04:34:21'),
(45, 'Travis Wheeler', 'garuzox@mailinator.com', NULL, NULL, '$2y$10$6LuLHT9Jf9lGRg5VVY0hG.I6ZacWnS844T286niyp9FYZ63S9M0ay', NULL, '2022-06-13 09:21:24', '2022-06-13 09:21:24'),
(46, 'Noble Douglas', 'xajobiqu@mailinator.com', NULL, NULL, '$2y$10$.5UU3Lz2YeBi8L2tTUpKv./W6JnijtVMq/FwsWVYjO3ILf9C3KfVS', NULL, '2022-07-06 10:25:43', '2022-07-06 10:25:43'),
(47, 'Roanna Blake', 'gyrehifu@mailinator.com', NULL, NULL, '$2y$10$rdHspOTAi07n/MATvDpoNuG8oCqITHHpz2lAtLpqCYj1cGM82ntRq', NULL, '2022-07-07 00:42:44', '2022-07-07 00:42:44'),
(48, 'Sara Burnett', 'kobebupefi@mailinator.com', NULL, NULL, '$2y$10$gWRCD8q6BZVnTWWioFJgbeA7kGbiwmPtXHSIMR1VR0IJdmxhIn0e.', NULL, '2022-07-07 06:38:04', '2022-07-07 06:38:04'),
(49, 'Charlotte Bright', 'locidud@mailinator.com', NULL, NULL, '$2y$10$/P0SYAnnapFLE.nCWpt7t.Fr9BebRpTxnlaA9jIJDfgq1M3361YlW', NULL, '2022-07-07 23:39:38', '2022-07-07 23:39:38'),
(50, 'Cecilia Figueroa', 'pehavyzuha@mailinator.com', NULL, NULL, '$2y$10$99r7/jZGIJcYSSJkLb9M/.KQy.k9V5dtkDymDA/jBjNRqZtVa3vuC', NULL, '2022-07-31 01:13:00', '2022-07-31 01:13:00'),
(51, 'Alexis Newman', 'juweq@mailinator.com', NULL, NULL, '$2y$10$XTJ3nNIuXyVGYZyQCFHEiuFjfRzWRwka4tv2rzruGpF1w0YSCvIE6', NULL, '2022-08-03 02:06:57', '2022-08-03 02:06:57'),
(52, 'Sonia Short', 'fogy@mailinator.com', NULL, NULL, '$2y$10$JAJI5aN2H9vJw3ytZ.KBOOkS7o30m7S8u4LaSKUHwWUUJUYyKt2m.', NULL, '2022-08-03 10:17:02', '2022-08-03 10:17:02'),
(53, 'Mahi Alam', 'm@gmail.com', NULL, NULL, '$2y$10$bszz5c74ywfuTwl.yHLUwuT6Ua4Ap4WnnEYOev0eZPu/oBato.Fji', NULL, '2022-08-04 08:19:56', '2022-08-04 23:05:29'),
(54, 'Melodie Macias', 'boha@mailinator.com', NULL, NULL, '$2y$10$.p3moNJrtDci.z824mrOZ.3xmTLuIZVSAQXX.liUXGg74wR8Tvt.u', NULL, '2022-08-04 22:58:32', '2022-08-04 22:58:32');

--
-- Indexes for dumped tables
--

--
-- Indexes for table `billing_details`
--
ALTER TABLE `billing_details`
  ADD PRIMARY KEY (`id`);

--
-- Indexes for table `carts`
--
ALTER TABLE `carts`
  ADD PRIMARY KEY (`id`);

--
-- Indexes for table `categories`
--
ALTER TABLE `categories`
  ADD PRIMARY KEY (`id`);

--
-- Indexes for table `colors`
--
ALTER TABLE `colors`
  ADD PRIMARY KEY (`id`);

--
-- Indexes for table `coupons`
--
ALTER TABLE `coupons`
  ADD PRIMARY KEY (`id`);

--
-- Indexes for table `customer_email_verifies`
--
ALTER TABLE `customer_email_verifies`
  ADD PRIMARY KEY (`id`);

--
-- Indexes for table `customer_password_resets`
--
ALTER TABLE `customer_password_resets`
  ADD PRIMARY KEY (`id`);

--
-- Indexes for table `customer_users`
--
ALTER TABLE `customer_users`
  ADD PRIMARY KEY (`id`);

--
-- Indexes for table `districts`
--
ALTER TABLE `districts`
  ADD PRIMARY KEY (`id`),
  ADD KEY `division_id` (`division_id`);

--
-- Indexes for table `failed_jobs`
--
ALTER TABLE `failed_jobs`
  ADD PRIMARY KEY (`id`),
  ADD UNIQUE KEY `failed_jobs_uuid_unique` (`uuid`);

--
-- Indexes for table `inventories`
--
ALTER TABLE `inventories`
  ADD PRIMARY KEY (`id`);

--
-- Indexes for table `migrations`
--
ALTER TABLE `migrations`
  ADD PRIMARY KEY (`id`);

--
-- Indexes for table `model_has_permissions`
--
ALTER TABLE `model_has_permissions`
  ADD PRIMARY KEY (`permission_id`,`model_id`,`model_type`),
  ADD KEY `model_has_permissions_model_id_model_type_index` (`model_id`,`model_type`);

--
-- Indexes for table `model_has_roles`
--
ALTER TABLE `model_has_roles`
  ADD PRIMARY KEY (`role_id`,`model_id`,`model_type`),
  ADD KEY `model_has_roles_model_id_model_type_index` (`model_id`,`model_type`);

--
-- Indexes for table `orders`
--
ALTER TABLE `orders`
  ADD PRIMARY KEY (`id`);

--
-- Indexes for table `order_details`
--
ALTER TABLE `order_details`
  ADD PRIMARY KEY (`id`);

--
-- Indexes for table `password_resets`
--
ALTER TABLE `password_resets`
  ADD KEY `password_resets_email_index` (`email`);

--
-- Indexes for table `permissions`
--
ALTER TABLE `permissions`
  ADD PRIMARY KEY (`id`),
  ADD UNIQUE KEY `permissions_name_guard_name_unique` (`name`,`guard_name`);

--
-- Indexes for table `personal_access_tokens`
--
ALTER TABLE `personal_access_tokens`
  ADD PRIMARY KEY (`id`),
  ADD UNIQUE KEY `personal_access_tokens_token_unique` (`token`),
  ADD KEY `personal_access_tokens_tokenable_type_tokenable_id_index` (`tokenable_type`,`tokenable_id`);

--
-- Indexes for table `products`
--
ALTER TABLE `products`
  ADD PRIMARY KEY (`id`);

--
-- Indexes for table `roles`
--
ALTER TABLE `roles`
  ADD PRIMARY KEY (`id`),
  ADD UNIQUE KEY `roles_name_guard_name_unique` (`name`,`guard_name`);

--
-- Indexes for table `role_has_permissions`
--
ALTER TABLE `role_has_permissions`
  ADD PRIMARY KEY (`permission_id`,`role_id`),
  ADD KEY `role_has_permissions_role_id_foreign` (`role_id`);

--
-- Indexes for table `sizes`
--
ALTER TABLE `sizes`
  ADD PRIMARY KEY (`id`);

--
-- Indexes for table `sslorders`
--
ALTER TABLE `sslorders`
  ADD PRIMARY KEY (`id`);

--
-- Indexes for table `subcategories`
--
ALTER TABLE `subcategories`
  ADD PRIMARY KEY (`id`);

--
-- Indexes for table `thumbnails`
--
ALTER TABLE `thumbnails`
  ADD PRIMARY KEY (`id`);

--
-- Indexes for table `upazilas`
--
ALTER TABLE `upazilas`
  ADD PRIMARY KEY (`id`),
  ADD KEY `district_id` (`district_id`);

--
-- Indexes for table `users`
--
ALTER TABLE `users`
  ADD PRIMARY KEY (`id`),
  ADD UNIQUE KEY `users_email_unique` (`email`);

--
-- AUTO_INCREMENT for dumped tables
--

--
-- AUTO_INCREMENT for table `billing_details`
--
ALTER TABLE `billing_details`
  MODIFY `id` bigint(20) UNSIGNED NOT NULL AUTO_INCREMENT, AUTO_INCREMENT=21;

--
-- AUTO_INCREMENT for table `carts`
--
ALTER TABLE `carts`
  MODIFY `id` bigint(20) UNSIGNED NOT NULL AUTO_INCREMENT, AUTO_INCREMENT=28;

--
-- AUTO_INCREMENT for table `categories`
--
ALTER TABLE `categories`
  MODIFY `id` bigint(20) UNSIGNED NOT NULL AUTO_INCREMENT, AUTO_INCREMENT=16;

--
-- AUTO_INCREMENT for table `colors`
--
ALTER TABLE `colors`
  MODIFY `id` bigint(20) UNSIGNED NOT NULL AUTO_INCREMENT, AUTO_INCREMENT=9;

--
-- AUTO_INCREMENT for table `coupons`
--
ALTER TABLE `coupons`
  MODIFY `id` bigint(20) UNSIGNED NOT NULL AUTO_INCREMENT, AUTO_INCREMENT=7;

--
-- AUTO_INCREMENT for table `customer_email_verifies`
--
ALTER TABLE `customer_email_verifies`
  MODIFY `id` bigint(20) UNSIGNED NOT NULL AUTO_INCREMENT, AUTO_INCREMENT=19;

--
-- AUTO_INCREMENT for table `customer_password_resets`
--
ALTER TABLE `customer_password_resets`
  MODIFY `id` bigint(20) UNSIGNED NOT NULL AUTO_INCREMENT, AUTO_INCREMENT=11;

--
-- AUTO_INCREMENT for table `customer_users`
--
ALTER TABLE `customer_users`
  MODIFY `id` bigint(20) UNSIGNED NOT NULL AUTO_INCREMENT, AUTO_INCREMENT=30;

--
-- AUTO_INCREMENT for table `districts`
--
ALTER TABLE `districts`
  MODIFY `id` int(2) NOT NULL AUTO_INCREMENT, AUTO_INCREMENT=65;

--
-- AUTO_INCREMENT for table `failed_jobs`
--
ALTER TABLE `failed_jobs`
  MODIFY `id` bigint(20) UNSIGNED NOT NULL AUTO_INCREMENT;

--
-- AUTO_INCREMENT for table `inventories`
--
ALTER TABLE `inventories`
  MODIFY `id` bigint(20) UNSIGNED NOT NULL AUTO_INCREMENT, AUTO_INCREMENT=52;

--
-- AUTO_INCREMENT for table `migrations`
--
ALTER TABLE `migrations`
  MODIFY `id` int(10) UNSIGNED NOT NULL AUTO_INCREMENT, AUTO_INCREMENT=43;

--
-- AUTO_INCREMENT for table `orders`
--
ALTER TABLE `orders`
  MODIFY `id` bigint(20) UNSIGNED NOT NULL AUTO_INCREMENT, AUTO_INCREMENT=21;

--
-- AUTO_INCREMENT for table `order_details`
--
ALTER TABLE `order_details`
  MODIFY `id` bigint(20) UNSIGNED NOT NULL AUTO_INCREMENT, AUTO_INCREMENT=31;

--
-- AUTO_INCREMENT for table `permissions`
--
ALTER TABLE `permissions`
  MODIFY `id` bigint(20) UNSIGNED NOT NULL AUTO_INCREMENT, AUTO_INCREMENT=11;

--
-- AUTO_INCREMENT for table `personal_access_tokens`
--
ALTER TABLE `personal_access_tokens`
  MODIFY `id` bigint(20) UNSIGNED NOT NULL AUTO_INCREMENT;

--
-- AUTO_INCREMENT for table `products`
--
ALTER TABLE `products`
  MODIFY `id` bigint(20) UNSIGNED NOT NULL AUTO_INCREMENT, AUTO_INCREMENT=14;

--
-- AUTO_INCREMENT for table `roles`
--
ALTER TABLE `roles`
  MODIFY `id` bigint(20) UNSIGNED NOT NULL AUTO_INCREMENT, AUTO_INCREMENT=5;

--
-- AUTO_INCREMENT for table `sizes`
--
ALTER TABLE `sizes`
  MODIFY `id` bigint(20) UNSIGNED NOT NULL AUTO_INCREMENT, AUTO_INCREMENT=6;

--
-- AUTO_INCREMENT for table `sslorders`
--
ALTER TABLE `sslorders`
  MODIFY `id` int(11) NOT NULL AUTO_INCREMENT, AUTO_INCREMENT=9;

--
-- AUTO_INCREMENT for table `subcategories`
--
ALTER TABLE `subcategories`
  MODIFY `id` bigint(20) UNSIGNED NOT NULL AUTO_INCREMENT, AUTO_INCREMENT=22;

--
-- AUTO_INCREMENT for table `thumbnails`
--
ALTER TABLE `thumbnails`
  MODIFY `id` bigint(20) UNSIGNED NOT NULL AUTO_INCREMENT, AUTO_INCREMENT=46;

--
-- AUTO_INCREMENT for table `upazilas`
--
ALTER TABLE `upazilas`
  MODIFY `id` int(3) NOT NULL AUTO_INCREMENT, AUTO_INCREMENT=492;

--
-- AUTO_INCREMENT for table `users`
--
ALTER TABLE `users`
  MODIFY `id` bigint(20) UNSIGNED NOT NULL AUTO_INCREMENT, AUTO_INCREMENT=55;

--
-- Constraints for dumped tables
--

--
-- Constraints for table `model_has_permissions`
--
ALTER TABLE `model_has_permissions`
  ADD CONSTRAINT `model_has_permissions_permission_id_foreign` FOREIGN KEY (`permission_id`) REFERENCES `permissions` (`id`) ON DELETE CASCADE;

--
-- Constraints for table `model_has_roles`
--
ALTER TABLE `model_has_roles`
  ADD CONSTRAINT `model_has_roles_role_id_foreign` FOREIGN KEY (`role_id`) REFERENCES `roles` (`id`) ON DELETE CASCADE;

--
-- Constraints for table `role_has_permissions`
--
ALTER TABLE `role_has_permissions`
  ADD CONSTRAINT `role_has_permissions_permission_id_foreign` FOREIGN KEY (`permission_id`) REFERENCES `permissions` (`id`) ON DELETE CASCADE,
  ADD CONSTRAINT `role_has_permissions_role_id_foreign` FOREIGN KEY (`role_id`) REFERENCES `roles` (`id`) ON DELETE CASCADE;

--
-- Constraints for table `upazilas`
--
ALTER TABLE `upazilas`
  ADD CONSTRAINT `upazilas_ibfk_2` FOREIGN KEY (`district_id`) REFERENCES `districts` (`id`) ON DELETE CASCADE ON UPDATE CASCADE;
COMMIT;

/*!40101 SET CHARACTER_SET_CLIENT=@OLD_CHARACTER_SET_CLIENT */;
/*!40101 SET CHARACTER_SET_RESULTS=@OLD_CHARACTER_SET_RESULTS */;
/*!40101 SET COLLATION_CONNECTION=@OLD_COLLATION_CONNECTION */;
